dataset,method,metric,mean,sd,ci_low,ci_high,n
CCLE,adaptive_fusion,pcc,0.7285701950351748,0.0025454943576190166,0.7267492580672977,0.730391132003052,10
CCLE,adaptive_fusion,rmse,0.6849086066919956,0.0027530030319428455,0.6829392269608885,0.6868779864231027,10
CCLE,adaptive_fusion,mae,0.49961816060123165,0.0017412587051781891,0.49837253916137014,0.5008637820410932,10
CCLE,fixed_fusion,pcc,0.729853227932806,0.0024608777211960727,0.7280928220601556,0.7316136338054565,10
CCLE,fixed_fusion,rmse,0.6834468052702007,0.002683132693324889,0.6815274077683476,0.6853662027720538,10
CCLE,fixed_fusion,mae,0.4981793127223749,0.001666873970229571,0.496986902916359,0.49937172252839085,10
CCLE,imputer_only,pcc,0.7267890120973812,0.002316903219720736,0.7251315993786474,0.7284464248161151,10
CCLE,imputer_only,rmse,0.6870198166002638,0.0025780093061335326,0.685175619839419,0.6888640133611086,10
CCLE,imputer_only,mae,0.5011271092761602,0.0015515285644918482,0.5000172126027128,0.5022370059496076,10
CCLE,ridge_only,pcc,0.7236802832569383,0.0028191815903345573,0.7216635622370573,0.7256970042768194,10
CCLE,ridge_only,rmse,0.6905463092592208,0.0030114220258777072,0.6883920677161638,0.6927005508022778,10
CCLE,ridge_only,mae,0.5048788672238851,0.0018700925190231635,0.5035410836255647,0.5062166508222055,10
ERKAUC30,adaptive_fusion,pcc,0.6702592185542874,0.0035030436633417695,0.6677532920777371,0.6727651450308376,10
ERKAUC30,adaptive_fusion,rmse,0.7442875838188081,0.0032604483820460693,0.741955199552093,0.7466199680855232,10
ERKAUC30,adaptive_fusion,mae,0.504041503987201,0.0020445935087061813,0.5025788899008091,0.505504118073593,10
ERKAUC30,fixed_fusion,pcc,0.6696938991481945,0.00320441392580451,0.6674015995167251,0.671986198779664,10
ERKAUC30,fixed_fusion,rmse,0.745859722663665,0.002977729432187009,0.7437295833501852,0.7479898619771447,10
ERKAUC30,fixed_fusion,mae,0.5055764677555397,0.0019149075608986307,0.5042066254075216,0.5069463101035577,10
ERKAUC30,imputer_only,pcc,0.6530264690164986,0.0032969408429093217,0.6506679796158884,0.6553849584171089,10
ERKAUC30,imputer_only,rmse,0.7688969595651325,0.003055491876788825,0.7667111923498803,0.7710827267803847,10
ERKAUC30,imputer_only,mae,0.5241865820397471,0.0022724019414428072,0.5225610036177547,0.5258121604617395,10
ERKAUC30,ridge_only,pcc,0.6640020582595372,0.003928303546732402,0.6611919191885637,0.6668121973305107,10
ERKAUC30,ridge_only,rmse,0.749785965502537,0.003662277705474019,0.747166129854279,0.7524058011507949,10
ERKAUC30,ridge_only,mae,0.5082027049620929,0.0022478822570083114,0.5065946668656933,0.5098107430584924,10
ERKIC50,adaptive_fusion,pcc,0.6480349107288228,0.004299789594521677,0.6449590265480849,0.6511107949095607,10
ERKIC50,adaptive_fusion,rmse,0.7635730802628087,0.0040247140097258065,0.7606939733013233,0.7664521872242941,10
ERKIC50,adaptive_fusion,mae,0.577782094067891,0.002076617852407723,0.5762965711460725,0.5792676169897096,10
ERKIC50,fixed_fusion,pcc,0.6501350482359847,0.004410902586911,0.646979678608796,0.6532904178631733,10
ERKIC50,fixed_fusion,rmse,0.7618612555226323,0.00416157878294406,0.7588842414004388,0.7648382696448258,10
ERKIC50,fixed_fusion,mae,0.5763934805706508,0.002098648699149656,0.5748921977304706,0.5778947634108309,10
ERKIC50,imputer_only,pcc,0.6416697028391025,0.0047121214169556225,0.6382988542416278,0.6450405514365772,10
ERKIC50,imputer_only,rmse,0.7717694343001025,0.004534352671040942,0.7685257538026866,0.7750131147975183,10
ERKIC50,imputer_only,mae,0.5839496240834607,0.0020803142059036325,0.5824614569496419,0.5854377912172796,10
ERKIC50,ridge_only,pcc,0.6433282937506638,0.004298809535427619,0.6402531106619671,0.6464034768393605,10
ERKIC50,ridge_only,rmse,0.7680746197848559,0.0040006923006019705,0.7652126969188859,0.7709365426508259,10
ERKIC50,ridge_only,mae,0.5813709336180345,0.002081051189757685,0.5798822392777261,0.5828596279583429,10
PI3KAUC,adaptive_fusion,pcc,0.6161692157624991,0.003769575427366105,0.6134726239478888,0.6188658075771093,10
PI3KAUC,adaptive_fusion,rmse,0.7905172481893177,0.0033460430645057566,0.7881236331753891,0.7929108632032462,10
PI3KAUC,adaptive_fusion,mae,0.5555354170985833,0.002064750542974963,0.554058383538523,0.5570124506586437,10
PI3KAUC,fixed_fusion,pcc,0.6158219528610609,0.004097354360242915,0.6128908821231797,0.6187530235989421,10
PI3KAUC,fixed_fusion,rmse,0.7919949535858948,0.0036811977356069644,0.7893615833634197,0.7946283238083699,10
PI3KAUC,fixed_fusion,mae,0.5564145553548812,0.001965784340216084,0.5550083179514238,0.5578207927583385,10
PI3KAUC,imputer_only,pcc,0.5986035042085367,0.0053313298096821435,0.594789700611079,0.6024173078059943,10
PI3KAUC,imputer_only,rmse,0.8132033999687236,0.005145914612987702,0.8095222344126966,0.8168845655247506,10
PI3KAUC,imputer_only,mae,0.5730462922097094,0.002194332242871734,0.5714765614857382,0.5746160229336805,10
PI3KAUC,ridge_only,pcc,0.6115765701048592,0.0035984343785815417,0.609002405221395,0.6141507349883234,10
PI3KAUC,ridge_only,rmse,0.7942737373432524,0.0031635475019866303,0.7920106717902841,0.7965368028962206,10
PI3KAUC,ridge_only,mae,0.558832575715891,0.002096258777961887,0.5573330025223372,0.5603321489094447,10
PI3KIC50,adaptive_fusion,pcc,0.6153693791465659,0.0032115311291622765,0.6130719881745231,0.6176667701186086,10
PI3KIC50,adaptive_fusion,rmse,0.7909711218636163,0.002644037829316084,0.7890796911427206,0.792862552584512,10
PI3KIC50,adaptive_fusion,mae,0.5604223777987609,0.0018387301182525616,0.5591070295104202,0.5617377260871016,10
PI3KIC50,fixed_fusion,pcc,0.6149661473157674,0.0031923672878571277,0.6126824653299475,0.6172498293015872,10
PI3KIC50,fixed_fusion,rmse,0.7925559584575397,0.0027492633245845654,0.7905892539519176,0.7945226629631618,10
PI3KIC50,fixed_fusion,mae,0.5616411153462509,0.0019609466070238495,0.560238338648642,0.5630438920438599,10
PI3KIC50,imputer_only,pcc,0.5971887766117169,0.003217090926822757,0.5948874084000217,0.599490144823412,10
PI3KIC50,imputer_only,rmse,0.8144490852688083,0.0031864658701167814,0.8121696249029241,0.8167285456346925,10
PI3KIC50,imputer_only,mae,0.5789269995968811,0.0024391579383535433,0.5771821311208836,0.5806718680728786,10
PI3KIC50,ridge_only,pcc,0.6108777415730262,0.003595101036327453,0.6083059612189635,0.6134495219270889,10
PI3KIC50,ridge_only,rmse,0.7945967396740777,0.002898638667040788,0.7925231784856452,0.7966703008625102,10
PI3KIC50,ridge_only,mae,0.5635187088613451,0.001990493159126621,0.5620947958336414,0.5649426218890489,10
PRISM19Q4_independent,adaptive_fusion,pcc,0.6972550009411148,0.0014959827352101602,0.6961848393602429,0.6983251625219867,10
PRISM19Q4_independent,adaptive_fusion,rmse,0.10427191260980533,0.00023647931405511673,0.10410274549937261,0.10444107972023804,10
PRISM19Q4_independent,adaptive_fusion,mae,0.07291474612606542,0.00016906481980948266,0.07279380443965504,0.07303568781247581,10
PRISM19Q4_independent,fixed_fusion,pcc,0.6986664972538891,7.141438523665555e-05,0.6986154104802231,0.698717584027555,10
PRISM19Q4_independent,fixed_fusion,rmse,0.10404827846770522,9.614336996255725e-06,0.10404140078533844,0.10405515615007199,10
PRISM19Q4_independent,fixed_fusion,mae,0.07275573575996666,6.819004430373352e-06,0.07275085773805542,0.0727606137818779,10
PRISM19Q4_independent,imputer_only,pcc,0.6999917731083498,4.320732841924273e-05,0.6999608644475758,0.7000226817691239,10
PRISM19Q4_independent,imputer_only,rmse,0.10379869357507202,6.511973305345317e-06,0.10379403518999643,0.1038033519601476,10
PRISM19Q4_independent,imputer_only,mae,0.072594983872462,4.426845101755751e-06,0.0725918170982467,0.07259815064667728,10
PRISM19Q4_independent,ridge_only,pcc,0.6737367447795546,0.00014665350896698968,0.6736318351791276,0.6738416543799816,10
PRISM19Q4_independent,ridge_only,rmse,0.10756155147657993,1.8116826424258563e-05,0.10754859147968275,0.10757451147347712,10
PRISM19Q4_independent,ridge_only,mae,0.07553220734690984,1.4866908986441675e-05,0.07552157220089568,0.07554284249292399,10
