dataset,seed,fold,selected_alpha,inner_pcc
CCLE,0,1,0.3,0.6888399413466832
CCLE,0,2,0.3,0.6951934128328506
CCLE,0,3,0.3,0.6945365544515246
CCLE,0,4,0.3,0.6939989009203881
CCLE,0,5,0.3,0.6878253680719035
CCLE,0,6,0.4,0.704060397439871
CCLE,0,7,0.3,0.6943923159864556
CCLE,0,8,0.3,0.6977566844684235
CCLE,0,9,0.3,0.6919947262321854
CCLE,0,10,0.3,0.6862191754801271
CCLE,1,1,0.3,0.7025947999720471
CCLE,1,2,0.3,0.6920981613202564
CCLE,1,3,0.3,0.6936657521696089
CCLE,1,4,0.3,0.6932958836240157
CCLE,1,5,0.3,0.6922182319414959
CCLE,1,6,0.3,0.6927731361230517
CCLE,1,7,0.3,0.6979363736161964
CCLE,1,8,0.4,0.6904424221046274
CCLE,1,9,0.3,0.7025142404152167
CCLE,1,10,0.3,0.7010142150615165
CCLE,2,1,0.3,0.6944761240654704
CCLE,2,2,0.3,0.6983390861181766
CCLE,2,3,0.3,0.698140409029639
CCLE,2,4,0.3,0.7039863073517931
CCLE,2,5,0.3,0.6898578344731099
CCLE,2,6,0.3,0.6936236447524203
CCLE,2,7,0.3,0.6885635580610727
CCLE,2,8,0.4,0.6958143491530501
CCLE,2,9,0.3,0.6927903532210189
CCLE,2,10,0.3,0.6952413076765571
CCLE,3,1,0.3,0.6943284492411166
CCLE,3,2,0.3,0.6973481559176168
CCLE,3,3,0.3,0.6884893371722518
CCLE,3,4,0.3,0.6882244323706589
CCLE,3,5,0.3,0.6879674568340898
CCLE,3,6,0.2,0.6942112290599901
CCLE,3,7,0.3,0.6892383714975663
CCLE,3,8,0.3,0.7008988233953521
CCLE,3,9,0.4,0.692100213548603
CCLE,3,10,0.3,0.6975111061489214
CCLE,4,1,0.4,0.6911121293911651
CCLE,4,2,0.4,0.6943628707814444
CCLE,4,3,0.3,0.6971244665268188
CCLE,4,4,0.3,0.6872262359208198
CCLE,4,5,0.3,0.7006714230835507
CCLE,4,6,0.3,0.6919828587105304
CCLE,4,7,0.2,0.6902066055209821
CCLE,4,8,0.3,0.6831490244653372
CCLE,4,9,0.3,0.6909212700206925
CCLE,4,10,0.4,0.7083723723110845
CCLE,5,1,0.3,0.6998243618003511
CCLE,5,2,0.3,0.6888367335961172
CCLE,5,3,0.4,0.6893986332998041
CCLE,5,4,0.3,0.6943009771826739
CCLE,5,5,0.3,0.6943520091506138
CCLE,5,6,0.3,0.6923955265155465
CCLE,5,7,0.3,0.6935067023835615
CCLE,5,8,0.3,0.6900993434475626
CCLE,5,9,0.3,0.6904793602551207
CCLE,5,10,0.3,0.6943750896703558
CCLE,6,1,0.3,0.6977651329914517
CCLE,6,2,0.3,0.7100974765321557
CCLE,6,3,0.3,0.7020217556436287
CCLE,6,4,0.3,0.6904534811561857
CCLE,6,5,0.3,0.6971045585275049
CCLE,6,6,0.3,0.7017620108607019
CCLE,6,7,0.3,0.6886452263739476
CCLE,6,8,0.4,0.6949007604384381
CCLE,6,9,0.3,0.6985663949803114
CCLE,6,10,0.3,0.689823620321398
CCLE,7,1,0.3,0.6970758185589878
CCLE,7,2,0.3,0.6887738354498328
CCLE,7,3,0.3,0.7052135603503603
CCLE,7,4,0.3,0.6998756901209349
CCLE,7,5,0.4,0.6948431599971103
CCLE,7,6,0.3,0.686915598248732
CCLE,7,7,0.3,0.6945714625551405
CCLE,7,8,0.3,0.690188375194701
CCLE,7,9,0.3,0.6920453249297115
CCLE,7,10,0.3,0.6950796282504333
CCLE,8,1,0.3,0.6930457689791224
CCLE,8,2,0.3,0.6835202442715461
CCLE,8,3,0.3,0.6953652034436913
CCLE,8,4,0.4,0.695509539457208
CCLE,8,5,0.2,0.6859975919416522
CCLE,8,6,0.3,0.6930245429620494
CCLE,8,7,0.4,0.7080103187544466
CCLE,8,8,0.3,0.6941009553740729
CCLE,8,9,0.3,0.6956849223130005
CCLE,8,10,0.3,0.6957765999867351
CCLE,9,1,0.4,0.6941098758935077
CCLE,9,2,0.3,0.6978761287221671
CCLE,9,3,0.3,0.701038494202805
CCLE,9,4,0.3,0.6944065974723139
CCLE,9,5,0.2,0.6990733059365587
CCLE,9,6,0.4,0.7032671537568868
CCLE,9,7,0.3,0.6947670788948588
CCLE,9,8,0.3,0.683877632096521
CCLE,9,9,0.3,0.7080217042953888
CCLE,9,10,0.3,0.7056370381874186
ERKAUC30,0,1,0.3,0.605638529329406
ERKAUC30,0,2,0.3,0.623011378519728
ERKAUC30,0,3,0.3,0.6089260592430613
ERKAUC30,0,4,0.2,0.6215037429802373
ERKAUC30,0,5,0.3,0.5995110034852723
ERKAUC30,0,6,0.3,0.6268439536756956
ERKAUC30,0,7,0.3,0.6148970152674725
ERKAUC30,0,8,0.3,0.6167370504566951
ERKAUC30,0,9,0.3,0.6092098692753255
ERKAUC30,0,10,0.2,0.6155770676417549
ERKAUC30,1,1,0.3,0.6090889219808051
ERKAUC30,1,2,0.3,0.6034902301264649
ERKAUC30,1,3,0.3,0.6122473908732033
ERKAUC30,1,4,0.2,0.6003811947892086
ERKAUC30,1,5,0.3,0.6156481574527688
ERKAUC30,1,6,0.3,0.6335426661082613
ERKAUC30,1,7,0.3,0.6161255839828585
ERKAUC30,1,8,0.3,0.6201694741427053
ERKAUC30,1,9,0.3,0.6114026675475245
ERKAUC30,1,10,0.3,0.601503237538058
ERKAUC30,2,1,0.3,0.5987977348493627
ERKAUC30,2,2,0.3,0.6121613548628171
ERKAUC30,2,3,0.3,0.6237524738166804
ERKAUC30,2,4,0.3,0.6327164757151262
ERKAUC30,2,5,0.2,0.6185297789720992
ERKAUC30,2,6,0.2,0.6090121098380565
ERKAUC30,2,7,0.3,0.6001130937398733
ERKAUC30,2,8,0.3,0.6246876750965112
ERKAUC30,2,9,0.3,0.6191059981484337
ERKAUC30,2,10,0.2,0.6151838891038202
ERKAUC30,3,1,0.3,0.6190648858018782
ERKAUC30,3,2,0.3,0.6206640616275698
ERKAUC30,3,3,0.3,0.6241920340293481
ERKAUC30,3,4,0.3,0.6172771233316003
ERKAUC30,3,5,0.3,0.6105438101797759
ERKAUC30,3,6,0.3,0.6206739752579399
ERKAUC30,3,7,0.3,0.6219698821101196
ERKAUC30,3,8,0.3,0.6219851641752465
ERKAUC30,3,9,0.3,0.6206633969858493
ERKAUC30,3,10,0.3,0.6135026722507446
ERKAUC30,4,1,0.3,0.6152711860326079
ERKAUC30,4,2,0.3,0.6209929998850967
ERKAUC30,4,3,0.3,0.5963137041439402
ERKAUC30,4,4,0.3,0.6110322932384062
ERKAUC30,4,5,0.3,0.6201502003314531
ERKAUC30,4,6,0.3,0.6235292381851152
ERKAUC30,4,7,0.3,0.613078962856481
ERKAUC30,4,8,0.4,0.6264452745608577
ERKAUC30,4,9,0.3,0.6142360023943603
ERKAUC30,4,10,0.3,0.6232408832997604
ERKAUC30,5,1,0.2,0.6072120027609643
ERKAUC30,5,2,0.3,0.6162096688178508
ERKAUC30,5,3,0.3,0.6225318118641916
ERKAUC30,5,4,0.3,0.6198194149706407
ERKAUC30,5,5,0.3,0.610317770555957
ERKAUC30,5,6,0.3,0.6021577707922174
ERKAUC30,5,7,0.3,0.6161076860258909
ERKAUC30,5,8,0.3,0.6148941107841692
ERKAUC30,5,9,0.3,0.6251265711550589
ERKAUC30,5,10,0.3,0.6050846931105338
ERKAUC30,6,1,0.3,0.6120808192572978
ERKAUC30,6,2,0.3,0.6151653429392225
ERKAUC30,6,3,0.3,0.6210010731767347
ERKAUC30,6,4,0.3,0.6117964258098916
ERKAUC30,6,5,0.3,0.6136374363758207
ERKAUC30,6,6,0.3,0.613342975239388
ERKAUC30,6,7,0.3,0.6094700292788083
ERKAUC30,6,8,0.3,0.6154783239847635
ERKAUC30,6,9,0.3,0.6236500364345323
ERKAUC30,6,10,0.3,0.6199845704022195
ERKAUC30,7,1,0.3,0.610658108620743
ERKAUC30,7,2,0.3,0.6131931821789433
ERKAUC30,7,3,0.3,0.624618884303875
ERKAUC30,7,4,0.3,0.607600053660175
ERKAUC30,7,5,0.3,0.6273742115160709
ERKAUC30,7,6,0.2,0.6121205786670831
ERKAUC30,7,7,0.3,0.6326844798978084
ERKAUC30,7,8,0.3,0.5968995092068428
ERKAUC30,7,9,0.3,0.6115766704810529
ERKAUC30,7,10,0.3,0.602500096474276
ERKAUC30,8,1,0.3,0.6037885519232462
ERKAUC30,8,2,0.3,0.6132668524976397
ERKAUC30,8,3,0.3,0.6162035498291327
ERKAUC30,8,4,0.3,0.6163943665630222
ERKAUC30,8,5,0.3,0.6168882888974901
ERKAUC30,8,6,0.3,0.6108548341719746
ERKAUC30,8,7,0.3,0.6193225147595056
ERKAUC30,8,8,0.3,0.6123618055747386
ERKAUC30,8,9,0.3,0.623326674161649
ERKAUC30,8,10,0.3,0.623029280860085
ERKAUC30,9,1,0.3,0.6236092230416818
ERKAUC30,9,2,0.3,0.6179050244562017
ERKAUC30,9,3,0.3,0.610078265824432
ERKAUC30,9,4,0.3,0.6091929656389012
ERKAUC30,9,5,0.3,0.6069094387026321
ERKAUC30,9,6,0.3,0.6278573283837178
ERKAUC30,9,7,0.3,0.6134803051282978
ERKAUC30,9,8,0.3,0.6178848670164385
ERKAUC30,9,9,0.3,0.6109793410411382
ERKAUC30,9,10,0.2,0.6176592776879197
ERKIC50,0,1,0.2,0.6022493494873382
ERKIC50,0,2,0.2,0.6058702053637344
ERKIC50,0,3,0.2,0.6017834200859934
ERKIC50,0,4,0.2,0.5937952098511657
ERKIC50,0,5,0.2,0.6039855836198884
ERKIC50,0,6,0.2,0.6011853107381541
ERKIC50,0,7,0.2,0.6078969521137645
ERKIC50,0,8,0.2,0.6037736973384187
ERKIC50,0,9,0.2,0.6035455594688297
ERKIC50,0,10,0.2,0.601269086575582
ERKIC50,1,1,0.2,0.6071563170437899
ERKIC50,1,2,0.2,0.5978510334005962
ERKIC50,1,3,0.2,0.6029709583858971
ERKIC50,1,4,0.2,0.5996514133869393
ERKIC50,1,5,0.2,0.6109305217063123
ERKIC50,1,6,0.2,0.6105003087906203
ERKIC50,1,7,0.2,0.595024152561298
ERKIC50,1,8,0.2,0.6042306067758266
ERKIC50,1,9,0.2,0.6090140893702799
ERKIC50,1,10,0.2,0.5992609970822782
ERKIC50,2,1,0.2,0.6038610288088526
ERKIC50,2,2,0.2,0.5984340137485569
ERKIC50,2,3,0.2,0.610315181950748
ERKIC50,2,4,0.2,0.6032964769828872
ERKIC50,2,5,0.2,0.6174431435424146
ERKIC50,2,6,0.2,0.598740891078995
ERKIC50,2,7,0.2,0.604052236344157
ERKIC50,2,8,0.3,0.6038367259351728
ERKIC50,2,9,0.3,0.6070200554337742
ERKIC50,2,10,0.2,0.5950419811877744
ERKIC50,3,1,0.2,0.5970526453507353
ERKIC50,3,2,0.2,0.5937804308827697
ERKIC50,3,3,0.2,0.6081612542761975
ERKIC50,3,4,0.2,0.6029977033774392
ERKIC50,3,5,0.2,0.6094741699986681
ERKIC50,3,6,0.2,0.5986318332792028
ERKIC50,3,7,0.2,0.606524630128362
ERKIC50,3,8,0.2,0.5960408846622036
ERKIC50,3,9,0.2,0.6037169330621059
ERKIC50,3,10,0.2,0.6092447510458229
ERKIC50,4,1,0.3,0.6038526906750328
ERKIC50,4,2,0.2,0.6020740355247665
ERKIC50,4,3,0.2,0.6026149291303429
ERKIC50,4,4,0.2,0.6070866662611489
ERKIC50,4,5,0.2,0.6079545288411772
ERKIC50,4,6,0.2,0.6007082372394855
ERKIC50,4,7,0.3,0.590225505633097
ERKIC50,4,8,0.3,0.6083756179862388
ERKIC50,4,9,0.2,0.6050013109415342
ERKIC50,4,10,0.2,0.5982824114121815
ERKIC50,5,1,0.3,0.6083352959484365
ERKIC50,5,2,0.2,0.5945484787382406
ERKIC50,5,3,0.2,0.6086183264521617
ERKIC50,5,4,0.2,0.6071691724459001
ERKIC50,5,5,0.2,0.5973292317612205
ERKIC50,5,6,0.2,0.606990318021215
ERKIC50,5,7,0.2,0.6000755458044748
ERKIC50,5,8,0.2,0.5997544915443699
ERKIC50,5,9,0.2,0.5978758550151404
ERKIC50,5,10,0.2,0.5961071118713174
ERKIC50,6,1,0.2,0.5992067586064437
ERKIC50,6,2,0.2,0.6070262417271219
ERKIC50,6,3,0.2,0.5948131425526124
ERKIC50,6,4,0.2,0.6053765850193725
ERKIC50,6,5,0.2,0.611095292220827
ERKIC50,6,6,0.2,0.6045505490102161
ERKIC50,6,7,0.2,0.594301488225048
ERKIC50,6,8,0.2,0.6031871072255687
ERKIC50,6,9,0.2,0.5944857826308693
ERKIC50,6,10,0.2,0.6130596924307266
ERKIC50,7,1,0.2,0.6062402637414313
ERKIC50,7,2,0.2,0.6101565024652539
ERKIC50,7,3,0.2,0.6040785017320169
ERKIC50,7,4,0.2,0.595525847377196
ERKIC50,7,5,0.2,0.6132086776703028
ERKIC50,7,6,0.2,0.6118949824055429
ERKIC50,7,7,0.2,0.5989829690300379
ERKIC50,7,8,0.2,0.6111157197123541
ERKIC50,7,9,0.2,0.5952508416396871
ERKIC50,7,10,0.2,0.603297416917737
ERKIC50,8,1,0.2,0.603393986382307
ERKIC50,8,2,0.2,0.6045085585191047
ERKIC50,8,3,0.2,0.6014086651893019
ERKIC50,8,4,0.2,0.604989100440266
ERKIC50,8,5,0.2,0.6023535135338289
ERKIC50,8,6,0.2,0.601831891998913
ERKIC50,8,7,0.2,0.6104242606459506
ERKIC50,8,8,0.2,0.6134809441205661
ERKIC50,8,9,0.2,0.6092526617046035
ERKIC50,8,10,0.2,0.6010002508681478
ERKIC50,9,1,0.3,0.6098527278731882
ERKIC50,9,2,0.2,0.6059641482975453
ERKIC50,9,3,0.2,0.6049154688614513
ERKIC50,9,4,0.2,0.59986922354335
ERKIC50,9,5,0.2,0.6068790030024941
ERKIC50,9,6,0.2,0.6004360772168813
ERKIC50,9,7,0.2,0.603835480949483
ERKIC50,9,8,0.2,0.5871923627205484
ERKIC50,9,9,0.2,0.6031139653211912
ERKIC50,9,10,0.2,0.6094016605690609
PI3KAUC,0,1,0.2,0.5694729635159874
PI3KAUC,0,2,0.2,0.5687164359721966
PI3KAUC,0,3,0.2,0.5641657589399249
PI3KAUC,0,4,0.2,0.5590309293683473
PI3KAUC,0,5,0.3,0.5742087693582588
PI3KAUC,0,6,0.2,0.5684546071919625
PI3KAUC,0,7,0.2,0.5770268197073681
PI3KAUC,0,8,0.2,0.572163819586234
PI3KAUC,0,9,0.2,0.5599438803351979
PI3KAUC,0,10,0.2,0.5746179031812396
PI3KAUC,1,1,0.2,0.5805806494704399
PI3KAUC,1,2,0.2,0.5626849144795737
PI3KAUC,1,3,0.2,0.5729941584705192
PI3KAUC,1,4,0.2,0.5775758348347264
PI3KAUC,1,5,0.3,0.5749805820256353
PI3KAUC,1,6,0.2,0.5809669107013113
PI3KAUC,1,7,0.2,0.5734474720321675
PI3KAUC,1,8,0.2,0.570633816808281
PI3KAUC,1,9,0.2,0.5650211396538688
PI3KAUC,1,10,0.2,0.5687477018783065
PI3KAUC,2,1,0.2,0.5679300182017661
PI3KAUC,2,2,0.3,0.5734851683890084
PI3KAUC,2,3,0.2,0.5597886389787756
PI3KAUC,2,4,0.2,0.5713660035660295
PI3KAUC,2,5,0.2,0.5717524533058229
PI3KAUC,2,6,0.2,0.5675438376151384
PI3KAUC,2,7,0.3,0.5709091104076762
PI3KAUC,2,8,0.2,0.5794442153228796
PI3KAUC,2,9,0.2,0.5641462985644417
PI3KAUC,2,10,0.2,0.5742954681274385
PI3KAUC,3,1,0.2,0.5607072021906776
PI3KAUC,3,2,0.2,0.5676829087104064
PI3KAUC,3,3,0.2,0.5712463779383176
PI3KAUC,3,4,0.2,0.5795752289957199
PI3KAUC,3,5,0.2,0.5748566605028553
PI3KAUC,3,6,0.2,0.5644645754646106
PI3KAUC,3,7,0.2,0.5669388481961098
PI3KAUC,3,8,0.2,0.5667432519407284
PI3KAUC,3,9,0.2,0.561001468085742
PI3KAUC,3,10,0.2,0.5700825037171077
PI3KAUC,4,1,0.2,0.5645570623469268
PI3KAUC,4,2,0.2,0.5686186241473667
PI3KAUC,4,3,0.2,0.5650019038850502
PI3KAUC,4,4,0.2,0.5761963287706231
PI3KAUC,4,5,0.2,0.5675616564390373
PI3KAUC,4,6,0.2,0.5713190194384802
PI3KAUC,4,7,0.2,0.5712109362814818
PI3KAUC,4,8,0.2,0.5662422907251464
PI3KAUC,4,9,0.2,0.5789290112712752
PI3KAUC,4,10,0.3,0.5746226415257477
PI3KAUC,5,1,0.2,0.5599134780373811
PI3KAUC,5,2,0.2,0.5754823965179313
PI3KAUC,5,3,0.2,0.5712033814310324
PI3KAUC,5,4,0.2,0.5719156982456839
PI3KAUC,5,5,0.2,0.5541686556625751
PI3KAUC,5,6,0.2,0.5641318500323667
PI3KAUC,5,7,0.2,0.5816061176650942
PI3KAUC,5,8,0.2,0.5609694004839987
PI3KAUC,5,9,0.2,0.5572500496137325
PI3KAUC,5,10,0.2,0.5717098887412074
PI3KAUC,6,1,0.2,0.5772822137284764
PI3KAUC,6,2,0.2,0.5550241902243236
PI3KAUC,6,3,0.3,0.5686687909747057
PI3KAUC,6,4,0.2,0.5679991062708601
PI3KAUC,6,5,0.3,0.5674393555173732
PI3KAUC,6,6,0.2,0.5714071656361002
PI3KAUC,6,7,0.2,0.5626772117296213
PI3KAUC,6,8,0.2,0.5729873525222674
PI3KAUC,6,9,0.2,0.5710115523534698
PI3KAUC,6,10,0.2,0.564934102935156
PI3KAUC,7,1,0.2,0.575622859685596
PI3KAUC,7,2,0.2,0.5779234163467749
PI3KAUC,7,3,0.2,0.5633927546652473
PI3KAUC,7,4,0.2,0.5721664057946827
PI3KAUC,7,5,0.2,0.5733267654790424
PI3KAUC,7,6,0.2,0.561922421630521
PI3KAUC,7,7,0.2,0.5554193296708927
PI3KAUC,7,8,0.2,0.5765978980831614
PI3KAUC,7,9,0.2,0.5602540804905529
PI3KAUC,7,10,0.2,0.5730711035064644
PI3KAUC,8,1,0.2,0.5893795944365379
PI3KAUC,8,2,0.2,0.5727029198352123
PI3KAUC,8,3,0.2,0.5769587487199892
PI3KAUC,8,4,0.2,0.5755007037472041
PI3KAUC,8,5,0.2,0.5823882671232267
PI3KAUC,8,6,0.2,0.5640968336906826
PI3KAUC,8,7,0.2,0.5728244120566461
PI3KAUC,8,8,0.2,0.5526339417053864
PI3KAUC,8,9,0.2,0.5756825919823558
PI3KAUC,8,10,0.2,0.5621246270757235
PI3KAUC,9,1,0.2,0.5532370404707851
PI3KAUC,9,2,0.2,0.568779621841691
PI3KAUC,9,3,0.2,0.5643176826231506
PI3KAUC,9,4,0.2,0.5627700297379465
PI3KAUC,9,5,0.2,0.5611014900379322
PI3KAUC,9,6,0.2,0.5605266719900814
PI3KAUC,9,7,0.2,0.5781147189315827
PI3KAUC,9,8,0.2,0.5731543301367494
PI3KAUC,9,9,0.2,0.575617243771377
PI3KAUC,9,10,0.2,0.5800497002703464
PI3KIC50,0,1,0.2,0.5729333137724654
PI3KIC50,0,2,0.2,0.5601221227499928
PI3KIC50,0,3,0.2,0.5562013894761206
PI3KIC50,0,4,0.2,0.5774452237216303
PI3KIC50,0,5,0.3,0.5657051643422982
PI3KIC50,0,6,0.2,0.5759572059309784
PI3KIC50,0,7,0.2,0.5676621511515427
PI3KIC50,0,8,0.2,0.5673133476142762
PI3KIC50,0,9,0.2,0.5546501517362525
PI3KIC50,0,10,0.2,0.5607763344973673
PI3KIC50,1,1,0.2,0.5684034798162042
PI3KIC50,1,2,0.2,0.5805533765971527
PI3KIC50,1,3,0.2,0.5618782419072922
PI3KIC50,1,4,0.2,0.5484226732425332
PI3KIC50,1,5,0.2,0.5672623115583104
PI3KIC50,1,6,0.2,0.553511620855749
PI3KIC50,1,7,0.3,0.5672798332301572
PI3KIC50,1,8,0.1,0.5649251188500097
PI3KIC50,1,9,0.2,0.5735122314275034
PI3KIC50,1,10,0.3,0.5600989008826256
PI3KIC50,2,1,0.2,0.5780520502085228
PI3KIC50,2,2,0.2,0.5629214731799991
PI3KIC50,2,3,0.2,0.5713472023612338
PI3KIC50,2,4,0.2,0.5654209241230148
PI3KIC50,2,5,0.2,0.5714322360325126
PI3KIC50,2,6,0.2,0.5676886203883245
PI3KIC50,2,7,0.2,0.5576025093598361
PI3KIC50,2,8,0.2,0.5753538431689396
PI3KIC50,2,9,0.2,0.549847476088638
PI3KIC50,2,10,0.2,0.5687727212751346
PI3KIC50,3,1,0.2,0.555374446320258
PI3KIC50,3,2,0.2,0.5674319396621447
PI3KIC50,3,3,0.2,0.5780905059508828
PI3KIC50,3,4,0.2,0.5690359554720125
PI3KIC50,3,5,0.2,0.574225000184837
PI3KIC50,3,6,0.2,0.5686463805310167
PI3KIC50,3,7,0.2,0.5458789310693032
PI3KIC50,3,8,0.2,0.5640437141176056
PI3KIC50,3,9,0.1,0.5704215109598627
PI3KIC50,3,10,0.2,0.5649542421837234
PI3KIC50,4,1,0.2,0.5793526446139511
PI3KIC50,4,2,0.2,0.5548239681749427
PI3KIC50,4,3,0.2,0.5703920778314935
PI3KIC50,4,4,0.2,0.5656144496593595
PI3KIC50,4,5,0.1,0.5640428158899501
PI3KIC50,4,6,0.2,0.5687960386514126
PI3KIC50,4,7,0.2,0.5570571055048295
PI3KIC50,4,8,0.2,0.5754743538788814
PI3KIC50,4,9,0.3,0.5599390906054832
PI3KIC50,4,10,0.1,0.5507829783316602
PI3KIC50,5,1,0.2,0.5786802994950999
PI3KIC50,5,2,0.2,0.5803846297270431
PI3KIC50,5,3,0.3,0.5729976608384083
PI3KIC50,5,4,0.2,0.5705501981855406
PI3KIC50,5,5,0.2,0.5760174865681694
PI3KIC50,5,6,0.2,0.5702588791474371
PI3KIC50,5,7,0.2,0.5625728766960961
PI3KIC50,5,8,0.2,0.5616404778303827
PI3KIC50,5,9,0.2,0.5783055352121491
PI3KIC50,5,10,0.2,0.5542884693470187
PI3KIC50,6,1,0.2,0.5702616805010778
PI3KIC50,6,2,0.3,0.5586880094033713
PI3KIC50,6,3,0.2,0.568647671436436
PI3KIC50,6,4,0.2,0.5729858390308401
PI3KIC50,6,5,0.2,0.5568399400383994
PI3KIC50,6,6,0.2,0.5711694012265345
PI3KIC50,6,7,0.2,0.5688997151870389
PI3KIC50,6,8,0.2,0.5754412649863697
PI3KIC50,6,9,0.2,0.5733736119656735
PI3KIC50,6,10,0.2,0.5607392470768348
PI3KIC50,7,1,0.2,0.5724695832352141
PI3KIC50,7,2,0.2,0.5619123626768026
PI3KIC50,7,3,0.1,0.5612773681607035
PI3KIC50,7,4,0.2,0.5853900172077197
PI3KIC50,7,5,0.2,0.5724791865368148
PI3KIC50,7,6,0.3,0.5532324052841081
PI3KIC50,7,7,0.2,0.547106861609685
PI3KIC50,7,8,0.2,0.5780314129929417
PI3KIC50,7,9,0.2,0.5574154676022618
PI3KIC50,7,10,0.2,0.5553975906548263
PI3KIC50,8,1,0.2,0.5593363166771701
PI3KIC50,8,2,0.2,0.571957632296081
PI3KIC50,8,3,0.2,0.5826816626998939
PI3KIC50,8,4,0.2,0.5657299012688991
PI3KIC50,8,5,0.2,0.5663414809677951
PI3KIC50,8,6,0.2,0.5730459905307804
PI3KIC50,8,7,0.2,0.5535644425751334
PI3KIC50,8,8,0.2,0.5717772369855849
PI3KIC50,8,9,0.2,0.5539801336529118
PI3KIC50,8,10,0.3,0.5691408101116603
PI3KIC50,9,1,0.2,0.5590654809546914
PI3KIC50,9,2,0.2,0.5645971136459969
PI3KIC50,9,3,0.2,0.5549070712910021
PI3KIC50,9,4,0.2,0.567644309140956
PI3KIC50,9,5,0.2,0.5541249200426643
PI3KIC50,9,6,0.2,0.5552628751784291
PI3KIC50,9,7,0.2,0.5698566259570531
PI3KIC50,9,8,0.2,0.578394823394208
PI3KIC50,9,9,0.2,0.5686567084546272
PI3KIC50,9,10,0.2,0.5641029348955492
PRISM19Q4_independent,0,1,0.4,0.6808685162482889
PRISM19Q4_independent,1,1,0.4,0.6892213589455286
PRISM19Q4_independent,2,1,0.5,0.6880760746376414
PRISM19Q4_independent,3,1,0.5,0.688982974571985
PRISM19Q4_independent,4,1,0.4,0.6825519319628114
PRISM19Q4_independent,5,1,0.4,0.6843472658728665
PRISM19Q4_independent,6,1,0.4,0.6858541576414675
PRISM19Q4_independent,7,1,0.5,0.6888326739905584
PRISM19Q4_independent,8,1,0.5,0.6906062634803048
PRISM19Q4_independent,9,1,0.5,0.684439281406408
