dataset,metric,mean,sd,ci_low,ci_high,n
CCLE,prediction_pearson,0.9747552691130235,0.00041903188342175556,0.9744555117613884,0.9750550264646585,10
CCLE,prediction_spearman,0.9667943618870257,0.0003771534429911653,0.9665245625669647,0.9670641612070867,10
CCLE,error_pearson,0.96914256254168,0.00039797565168835363,0.9688578679108295,0.9694272571725304,10
CCLE,error_spearman,0.9557507133898259,0.0006515650488771703,0.955284611832411,0.9562168149472408,10
CCLE,imputer_better_share,0.5082218309859154,0.003818434284993229,0.5054902876500829,0.510953374321748,10
CCLE,ridge_better_share,0.4917693661971832,0.003824078484814038,0.4890337852440301,0.4945049471503363,10
CCLE,tie_share,8.802816901408451e-06,2.783695123387658e-05,-1.1110538405405803e-05,2.8716172208222706e-05,10
CCLE,fusion_delta_pcc_vs_imputer,0.003064215835424944,0.000640747611697892,0.0026058526064013216,0.0035225790644485664,10
CCLE,fusion_delta_pcc_vs_ridge,0.006172944675867787,0.0006901816970555994,0.005679218432492312,0.006666670919243262,10
CCLE,fusion_rmse_gain_vs_imputer,0.0035730113300630473,0.0007598975277808888,0.003029413385721522,0.004116609274404572,10
CCLE,fusion_rmse_gain_vs_ridge,0.007099503989020118,0.0007334945756885764,0.0065747935787963075,0.007624214399243928,10
CCLE,fusion_mae_gain_vs_imputer,0.002947796553785381,0.000594875137900538,0.0025222485156874653,0.003373344591883297,10
CCLE,fusion_mae_gain_vs_ridge,0.006699554501510258,0.0005579228774886094,0.006300440518089895,0.007098668484930621,10
ERKAUC30,prediction_pearson,0.932369217181875,0.0012519783496634637,0.9314736058232954,0.9332648285404547,10
ERKAUC30,prediction_spearman,0.9115725456114377,0.0016138520555755388,0.9104180653982383,0.9127270258246372,10
ERKAUC30,error_pearson,0.9296093013517011,0.0010813449734526281,0.928835753757186,0.9303828489462161,10
ERKAUC30,error_spearman,0.8992717206496907,0.0020303419537860243,0.897819301511532,0.9007241397878495,10
ERKAUC30,imputer_better_share,0.48325766955564725,0.0060383370655505975,0.4789381034351203,0.4875772356761742,10
ERKAUC30,ridge_better_share,0.5167423304443528,0.006038337065550578,0.5124227643238258,0.5210618965648798,10
ERKAUC30,tie_share,0.0,0.0,0.0,0.0,10
ERKAUC30,fusion_delta_pcc_vs_imputer,0.01666743013169595,0.001402751010650812,0.01566396250884477,0.01767089775454713,10
ERKAUC30,fusion_delta_pcc_vs_ridge,0.005691840888657385,0.0014997701540506146,0.004618969951562081,0.006764711825752688,10
ERKAUC30,fusion_rmse_gain_vs_imputer,0.02303723690146754,0.0015956834479151356,0.021895753727230162,0.024178720075704915,10
ERKAUC30,fusion_rmse_gain_vs_ridge,0.003926242838871874,0.0014599686792555727,0.002881844161639724,0.004970641516104024,10
ERKAUC30,fusion_mae_gain_vs_imputer,0.018610114284207467,0.001285663792781864,0.0176904058112618,0.019529822757153134,10
ERKAUC30,fusion_mae_gain_vs_ridge,0.0026262372065533057,0.0011137267225628546,0.0018295251041842077,0.003422949308922404,10
ERKIC50,prediction_pearson,0.9532154533022925,0.0008629747434306641,0.9525981183598858,0.9538327882446992,10
ERKIC50,prediction_spearman,0.94797828308839,0.0010833250198005722,0.9472033190540458,0.9487532471227343,10
ERKIC50,error_pearson,0.9583464928553104,0.0007451872153403673,0.9578134180345624,0.9588795676760583,10
ERKIC50,error_spearman,0.9502857237080529,0.001018371954987306,0.9495572242971878,0.9510142231189179,10
ERKIC50,imputer_better_share,0.49906753869066894,0.0023314430506057517,0.4973997248034996,0.5007353525778383,10
ERKIC50,ridge_better_share,0.5009259858835718,0.0023313131549007903,0.4992582649181921,0.5025937068489515,10
ERKIC50,tie_share,6.47542575924367e-06,2.0477094218535125e-05,-8.173005004559343e-06,2.1123856523046683e-05,10
ERKIC50,fusion_delta_pcc_vs_imputer,0.008465345396882162,0.000869215191090983,0.007843546307145252,0.009087144486619072,10
ERKIC50,fusion_delta_pcc_vs_ridge,0.006806754485321054,0.0009483189741834582,0.006128367958059139,0.007485141012582969,10
ERKIC50,fusion_rmse_gain_vs_imputer,0.009908178777470134,0.0008737426014565963,0.00928314097346194,0.010533216581478327,10
ERKIC50,fusion_rmse_gain_vs_ridge,0.006213364262223531,0.0008488496374704299,0.0056061338119133605,0.0068205947125337014,10
ERKIC50,fusion_mae_gain_vs_imputer,0.007556143512809965,0.00041882582653962684,0.007256533565388568,0.007855753460231362,10
ERKIC50,fusion_mae_gain_vs_ridge,0.00497745304738374,0.0005220770212960796,0.004603981644741768,0.005350924450025712,10
PI3KAUC,prediction_pearson,0.9292506518942625,0.0019298499079278468,0.9278701204351053,0.9306311833534197,10
PI3KAUC,prediction_spearman,0.918856375254346,0.0014471120048268427,0.9178211736879546,0.9198915768207375,10
PI3KAUC,error_pearson,0.9419821482284805,0.0019066016188613777,0.9406182475934595,0.9433460488635015,10
PI3KAUC,error_spearman,0.9192392131561542,0.0016145621589835153,0.9180842249655778,0.9203942013467306,10
PI3KAUC,imputer_better_share,0.48563498612257144,0.005156724378695955,0.48194608772599284,0.48932388451915004,10
PI3KAUC,ridge_better_share,0.5143575125646989,0.005153261717003387,0.5106710912070751,0.5180439339223226,10
PI3KAUC,tie_share,7.501312729727703e-06,2.37212336671546e-05,-9.467835592634457e-06,2.4470461052089865e-05,10
PI3KAUC,fusion_delta_pcc_vs_imputer,0.01721844865252411,0.0022370364647147697,0.015618169168542657,0.01881872813650556,10
PI3KAUC,fusion_delta_pcc_vs_ridge,0.004245382756201755,0.0021416015104399736,0.0027133733258334594,0.00577739218657005,10
PI3KAUC,fusion_rmse_gain_vs_imputer,0.021208446382828816,0.002406919938471692,0.019486639582682062,0.02293025318297557,10
PI3KAUC,fusion_rmse_gain_vs_ridge,0.0022787837573576054,0.0020000687493609668,0.0008480207650507754,0.0037095467496644353,10
PI3KAUC,fusion_mae_gain_vs_imputer,0.01663173685482817,0.0011209144098954622,0.01582988299068761,0.017433590718968734,10
PI3KAUC,fusion_mae_gain_vs_ridge,0.002418020361009676,0.0009505473169705821,0.0017380397733460825,0.0030980009486732693,10
PI3KIC50,prediction_pearson,0.9276984868720317,0.0021689140424479138,0.9261469392332715,0.9292500345107919,10
PI3KIC50,prediction_spearman,0.9181366537011213,0.0013311868183279593,0.9171843800174697,0.9190889273847729,10
PI3KIC50,error_pearson,0.9409441792592899,0.0017046855455764415,0.9397247206817233,0.9421636378368564,10
PI3KIC50,error_spearman,0.9199111611426272,0.0021793526183862895,0.9183521461964808,0.9214701760887736,10
PI3KIC50,imputer_better_share,0.4826021397285848,0.0025351861674161543,0.48078857679575754,0.48441570266141204,10
PI3KIC50,ridge_better_share,0.5173978602714151,0.0025351861674161613,0.5155842973385878,0.5192114232042424,10
PI3KIC50,tie_share,0.0,0.0,0.0,0.0,10
PI3KIC50,fusion_delta_pcc_vs_imputer,0.017777370704050565,0.001145532383640192,0.01695790620238027,0.01859683520572086,10
PI3KIC50,fusion_delta_pcc_vs_ridge,0.0040884057427410855,0.0011345025099984806,0.0032768315373525665,0.004899979948129605,10
PI3KIC50,fusion_rmse_gain_vs_imputer,0.021893126811268527,0.0014100241636834311,0.020884456288167152,0.0229017973343699,10
PI3KIC50,fusion_rmse_gain_vs_ridge,0.0020407812165380013,0.0010669149435562025,0.0012775562435629116,0.002804006189513091,10
PI3KIC50,fusion_mae_gain_vs_imputer,0.017285884250630146,0.0012932550006081968,0.016360745354741118,0.018211023146519175,10
PI3KIC50,fusion_mae_gain_vs_ridge,0.0018775935150939338,0.001148668906259463,0.0010558852803071537,0.002699301749880714,10
PRISM19Q4_independent,prediction_pearson,0.9379513297894377,7.808384853009874e-05,0.9378954719691456,0.9380071876097299,10
PRISM19Q4_independent,prediction_spearman,0.9422965525330899,5.443783216190263e-05,0.9422576100539058,0.9423354950122739,10
PRISM19Q4_independent,error_pearson,0.9386731107365669,6.552967886871934e-05,0.9386262336282409,0.9387199878448929,10
PRISM19Q4_independent,error_spearman,0.9149243078974422,8.904713214738624e-05,0.9148606074165021,0.9149880083783822,10
PRISM19Q4_independent,imputer_better_share,0.5336423841059601,0.002029091340129392,0.5321908596029175,0.5350939086090027,10
PRISM19Q4_independent,ridge_better_share,0.4663576158940398,0.002029091340129406,0.4649060913909971,0.4678091403970825,10
PRISM19Q4_independent,tie_share,0.0,0.0,0.0,0.0,10
PRISM19Q4_independent,fusion_delta_pcc_vs_imputer,-0.0013252758544607945,6.93502300791627e-05,-0.001374886020479804,-0.0012756656884417852,10
PRISM19Q4_independent,fusion_delta_pcc_vs_ridge,0.024929752474334498,8.576232337433466e-05,0.024868401804035063,0.024991103144633934,10
PRISM19Q4_independent,fusion_rmse_gain_vs_imputer,-0.00024958489263320895,9.70877430292161e-06,-0.00025653013137948605,-0.00024263965388693186,10
PRISM19Q4_independent,fusion_rmse_gain_vs_ridge,0.0035132730088747594,9.911962492095016e-06,0.0035061824180541417,0.003520363599695377,10
PRISM19Q4_independent,fusion_mae_gain_vs_imputer,-0.00016075188750462737,9.37523933379199e-06,-0.000167458529707349,-0.00015404524530190575,10
PRISM19Q4_independent,fusion_mae_gain_vs_ridge,0.0027764715869431993,9.00929199720769e-06,0.0027700267276949313,0.0027829164461914673,10
