dataset,seed,prediction_pearson,prediction_spearman,error_pearson,error_spearman,imputer_better_share,ridge_better_share,tie_share,fusion_delta_pcc_vs_imputer,fusion_delta_pcc_vs_ridge,fusion_rmse_gain_vs_imputer,fusion_rmse_gain_vs_ridge,fusion_mae_gain_vs_imputer,fusion_mae_gain_vs_ridge,n_test
CCLE,0,0.9752994351736284,0.9669274494535007,0.9691884056343002,0.9553611332691392,0.5027288732394366,0.4972711267605634,0.0,0.003642509293926399,0.005455623390330566,0.004269569518695393,0.006306749418333313,0.0035554114370184298,0.006005620388199295,11360
CCLE,1,0.9741170157832149,0.9671818036001184,0.9692609232914174,0.9560713554596446,0.5137323943661972,0.48626760563380284,0.0,0.0018576877375785505,0.007569113063730315,0.002192506176107112,0.008490535260894383,0.002147224959634486,0.007227542980542845,11360
CCLE,2,0.9747795499794527,0.9671165082193681,0.9691658500373946,0.9564295151803364,0.5076584507042253,0.49234154929577467,0.0,0.004010582045237188,0.005185036707773594,0.004775252092059312,0.005947325912175727,0.003336667043908448,0.006264617646147497,11360
CCLE,3,0.9749508830072016,0.9669428403566952,0.9693296686895366,0.9568614766775543,0.5058098591549296,0.4941901408450704,0.0,0.0027958395050728946,0.0063860464937330885,0.003270512844578799,0.007312616339345546,0.002895612818605786,0.006426558407392646,11360
CCLE,4,0.9750527565254495,0.9671193275169728,0.9694233861445744,0.954729793637989,0.5037852112676057,0.4962147887323944,0.0,0.0027794563192040656,0.006340979250010981,0.0032253707833533873,0.007352693942833333,0.003569797479766268,0.006427607051950335,11360
CCLE,5,0.9742589483766076,0.9667627547436186,0.9686878388402062,0.9549930047645948,0.5102992957746478,0.4897007042253521,0.0,0.002704515928240836,0.006700695622501973,0.0031337737470757965,0.00771524401815582,0.0017780332717758363,0.007722170165724407,11360
CCLE,6,0.9745801536145539,0.9664157156737851,0.9692785228643206,0.9553992442669027,0.5103873239436619,0.4895246478873239,8.802816901408451e-05,0.0029160881522395377,0.006358913312217163,0.0033900437288588714,0.007273043792063616,0.00266850004286745,0.007150499428426493,11360
CCLE,7,0.9743277398486253,0.9660908442555461,0.9682281748678951,0.9557543512306043,0.513556338028169,0.486443661971831,0.0,0.0039009475162240514,0.005509835021085152,0.004521454031660488,0.006456768219787357,0.003291955148833181,0.006796625797070299,11360
CCLE,8,0.9752683271017324,0.9670257313506746,0.9696140311603554,0.9557964851616166,0.5087147887323944,0.49128521126760566,0.0,0.0030296549397755834,0.006029854917251831,0.0035171903979729358,0.006976313551343871,0.003193646187924337,0.006908331898309139,11360
CCLE,9,0.9749178817197681,0.9663606436999793,0.9692488238867994,0.9561107742498767,0.5055457746478873,0.4944542253521127,0.0,0.003004876916750332,0.006193348980043201,0.003434439980268378,0.007163749435268207,0.0030411171475195897,0.006065971251339619,11360
ERKAUC30,0,0.9318810330483023,0.9101039907550352,0.9290597132721399,0.8965466107290996,0.48170312285046085,0.5182968771495391,0.0,0.01699015976813878,0.005520090923093912,0.023421960027324107,0.003691274400855593,0.019509348611370214,0.0023116942644434424,14538
ERKAUC30,1,0.9320602260505184,0.9121052868258728,0.930320437717875,0.9020128770083582,0.4874810840555785,0.5125189159444216,0.0,0.016642278154982204,0.005769034951284224,0.022631000469681806,0.00415313915779103,0.017870742523274807,0.002918795100677496,14538
ERKAUC30,2,0.9315281557026629,0.9135768070108323,0.931236897246963,0.9014795005102645,0.49552895859127805,0.504471041408722,0.0,0.015991286076731503,0.006591509954009922,0.021432796184168046,0.005050501054541634,0.016735528710847603,0.003962215099702515,14538
ERKAUC30,3,0.9325174381128226,0.9107084961186491,0.9278000392047627,0.8967509988637525,0.47241711377080753,0.5275828862291925,0.0,0.017418702149769927,0.0049001578654125355,0.02462717187305774,0.0029852575064408526,0.020866459636924795,0.0007069649641159303,14538
ERKAUC30,4,0.9322276369314856,0.9132486349333988,0.9295435179794335,0.899880227691365,0.47943320951987894,0.5205667904801211,0.0,0.01782507823755808,0.004520090528492893,0.024106755897344123,0.0028711518698019134,0.018823614820768775,0.002001488646866556,14538
ERKAUC30,5,0.9323944929924192,0.9096557435819367,0.9297039181876016,0.8974072859001643,0.4799147062869721,0.5200852937130279,0.0,0.019315239739746803,0.00281008366135016,0.025815143755735903,0.0010985785185371189,0.020252166738797595,0.001199565192086638,14538
ERKAUC30,6,0.9333096001821057,0.9125755836840117,0.9301230153667854,0.9016982456440468,0.48356032466639154,0.5164396753336085,0.0,0.01591892610229695,0.006332351590263463,0.021867237099647885,0.004708429905275313,0.01764558399144056,0.0030614723312455405,14538
ERKAUC30,7,0.9329799644433167,0.912793323187661,0.9302739158749673,0.8984518735860262,0.48555509698720595,0.5144449030127941,0.0,0.013943852291694925,0.008378912028892738,0.02035760278520804,0.006363271325041442,0.01777806838266216,0.0041447263226386255,14538
ERKAUC30,8,0.9299714920169848,0.9089192782883767,0.9279271858514798,0.8987328934530452,0.48142798184069335,0.5185720181593066,0.0,0.01626658143200732,0.006825976002027168,0.022844240490822454,0.0049281756375477714,0.01874052727284059,0.0025639107358129687,14538
ERKAUC30,9,0.9348221323381313,0.9120383117286025,0.9301043728150024,0.8997566931107843,0.48555509698720595,0.5144449030127941,0.0,0.016362197364032993,0.005270201381746831,0.02326846043168529,0.003412649012886071,0.017879102153147586,0.0033915394079433447,14538
ERKIC50,0,0.9533738643409417,0.9479792513015035,0.9590659556876953,0.9514802519139678,0.49601761315806514,0.5039823868419349,0.0,0.009194129992462163,0.005833708323566444,0.010696203427311257,0.00529026414816669,0.007779470070637617,0.004518124578751781,15443
ERKIC50,1,0.953766616113378,0.9474329283971983,0.9591086862621402,0.9506079020208356,0.5019750048565693,0.4980249951434307,0.0,0.008739837410939644,0.006287420547751332,0.010000851975753955,0.005870435228320758,0.007329632524869623,0.005612409017416442,15443
ERKIC50,2,0.9533668712904344,0.9487212173997226,0.9587196654141631,0.9514041891670231,0.4957585961276954,0.5042414038723046,0.0,0.009052777925831701,0.006125519422570114,0.010519315845387789,0.00546783750808566,0.00749848641763029,0.004543414266898305,15443
ERKIC50,3,0.9521958575948132,0.9460814495156713,0.9568908561298346,0.9485019131109124,0.4986077834617626,0.5013922165382374,0.0,0.009811141373620602,0.005820796360992309,0.01119916660830822,0.005462631632749959,0.007983445926936561,0.005012047053752133,15443
ERKIC50,4,0.9545717496046133,0.9494852759142786,0.9591614508830584,0.9515928646414672,0.5020397591141618,0.49796024088583823,0.0,0.00794885091687858,0.007030496882894144,0.009172230963544248,0.006504669277056174,0.006983712031799372,0.0055334553506575235,15443
ERKIC50,5,0.9542435310825195,0.9494236804270091,0.9587853526444807,0.9504644558826495,0.49731269830991387,0.5026873016900861,0.0,0.008284265741563823,0.006741957717808722,0.00972116084061514,0.006151031355640213,0.00793857611659221,0.004287198092192246,15443
ERKIC50,6,0.9533206142309463,0.948302556622685,0.9581208033662111,0.9498879426983333,0.5015217250534223,0.49847827494657776,0.0,0.007679072608476223,0.007633742102783669,0.009409178488597125,0.006751306807183499,0.008065730596086285,0.004656154573498661,15443
ERKIC50,7,0.9529298281977219,0.9468482213565514,0.9576809421856387,0.9494354620918046,0.5002266399015736,0.4997733600984265,0.0,0.007914079213645064,0.007570129783312618,0.009323150408903746,0.006972640350180415,0.007402848195692813,0.005195607136474489,15443
ERKIC50,8,0.9525322033326357,0.9481229805087227,0.957976557397731,0.9500196817252763,0.49821925791620797,0.501780742083792,0.0,0.009112185115997429,0.00626174172026539,0.01068909238788851,0.005674435983430426,0.0077328341941220735,0.004657347976275816,15443
ERKIC50,9,0.9518533972349215,0.9473852694405572,0.9579546585821519,0.9494625738282579,0.49899630900731723,0.5009389367350904,6.47542575924367e-05,0.006917113669406394,0.008762031991265795,0.008351436828391345,0.007988390331421513,0.006846699053732808,0.00575877242792,15443
PI3KAUC,0,0.9302574322401198,0.9212638714548459,0.9435745501975469,0.9208330587228064,0.48270947415797766,0.5172905258420224,0.0,0.01770722764754884,0.0033972077493877872,0.021201400298199058,0.001623406818139106,0.017273365212624903,0.001134254995116657,13331
PI3KAUC,1,0.9309155425508209,0.9193058798697566,0.9430499264824246,0.9219608465003339,0.48758532743230065,0.5124146725676993,0.0,0.01300527210921476,0.008496270434894315,0.01654658246781615,0.006326821107471514,0.014368579907113155,0.00333087397807319,13331
PI3KAUC,2,0.929061824939172,0.9193048414693591,0.9422383621526124,0.91946820435928,0.4841347235766259,0.5158652764233741,0.0,0.018230193024237118,0.0029258009033978905,0.022778699023367488,0.0007780196467667144,0.0172179871236392,0.001586708577343665,13331
PI3KAUC,3,0.9244311004601871,0.9163840428691524,0.9374753636135414,0.9164097256528677,0.48766034055959795,0.512339659440402,0.0,0.021432233614424145,0.001308107917240342,0.025671464375902175,-0.0003817880904416482,0.01745090617185807,0.002227202959563801,13331
PI3KAUC,4,0.9300095029320746,0.9172828328356168,0.9424047334448743,0.9186952018658568,0.47888380466581654,0.5211161953341835,0.0,0.019174116679647746,0.0018980308670546453,0.023154687410337105,0.0001437432399366001,0.01834965332768368,0.0011702112927567399,13331
PI3KAUC,5,0.9292602687121895,0.9187525081425352,0.9407603472907379,0.918137873408614,0.49771209961743307,0.502287900382567,0.0,0.016162102701049452,0.005501462724810113,0.02067476454219319,0.0032176294897490187,0.015787574321577402,0.003482387591851488,13331
PI3KAUC,6,0.9278323354479451,0.9183831821298609,0.9407475235398274,0.9182402281262007,0.4872852749231115,0.5127147250768884,0.0,0.01626081868475826,0.005683437118464529,0.02053277498747952,0.0035179894115143773,0.016239533915677673,0.0030351406721542684,13331
PI3KAUC,7,0.9304318640981155,0.92070978344326,0.9438874029312141,0.9208243433877571,0.4834596054309504,0.5164653814417524,7.501312729727703e-05,0.01780759192047987,0.003038039383684077,0.021659093852332667,0.0011818350124610522,0.017325771677721757,0.0017662097978171643,13331
PI3KAUC,8,0.9294986396842841,0.9182376324740881,0.9424171300849467,0.9192435162652454,0.4809841722301403,0.5190158277698598,0.0,0.01621863620968811,0.005237278792943001,0.02006240761706335,0.0032786846516497103,0.016158897979928866,0.0029691690652760006,13331
PI3KAUC,9,0.9308080078777144,0.9189391778549866,0.9432661425470786,0.9185791332725805,0.4859350386317606,0.5140649613682394,0.0,0.016186293934192797,0.004968191670140842,0.019802589253597458,0.003101496286329608,0.016145098910457012,0.003478044680143788,13331
PI3KIC50,0,0.9301747179967932,0.9185960306422805,0.9424223854123382,0.9194094450089049,0.484526459395419,0.5154735406045811,0.0,0.016123407934412914,0.005248030358133371,0.019903707762100153,0.00334967966866373,0.016606632244031583,0.0026866627687135436,13927
PI3KIC50,1,0.9257759477320076,0.9177920743890821,0.9381050633812916,0.9190493663308188,0.48330580886048685,0.5166941911395132,0.0,0.020539529343228224,0.001844824683128632,0.02501175196587402,7.137962078740401e-06,0.01944067075597411,0.00023289927413261413,13927
PI3KIC50,2,0.9260068358075673,0.91648860730519,0.9397740913508086,0.9162663770482803,0.48057729590005027,0.5194227040999497,0.0,0.01757056744662666,0.004829535748537839,0.021824974743601122,0.0025695507772989234,0.01872487761541819,0.001437417679394426,13927
PI3KIC50,3,0.926774769063398,0.9181112419770776,0.9418105214102582,0.9205263149986554,0.48230056724348386,0.5176994327565161,0.0,0.01721463834375192,0.004865827734933825,0.02087554073367537,0.0027600792041179156,0.016243432197547203,0.00296055116603966,13927
PI3KIC50,4,0.9281419714603967,0.9195341094533135,0.9409535222419623,0.9197580684321337,0.4831622029152007,0.5168377970847993,0.0,0.018404039362385438,0.003351901036558247,0.022410767067978732,0.0014774241575202796,0.017636134169092044,0.0015594220982770857,13927
PI3KIC50,5,0.9240720535089555,0.9158885061269462,0.9387401715982595,0.9168683685220638,0.48273138507934227,0.5172686149206577,0.0,0.01757695581434715,0.005387290559832558,0.021731592634204544,0.003166322504174257,0.016842630036199124,0.0029584424725813685,13927
PI3KIC50,6,0.9295299155923538,0.9180129900909616,0.9426429203395287,0.9206450120418087,0.48524448912184964,0.5147555108781503,0.0,0.017623306214155754,0.003573620072151895,0.02174428943019946,0.0015642914015860931,0.01640947137158777,0.00270602246649454,13927
PI3KIC50,7,0.9264976642419516,0.9202174698004552,0.9399771186721451,0.9225494222605846,0.48574710993035114,0.5142528900696489,0.0,0.017607274775684356,0.00451410426594967,0.02225597955626213,0.0021455074423689657,0.01555265786872273,0.0027954628083743938,13927
PI3KIC50,8,0.9299485497666045,0.9175119658633341,0.9421774548417527,0.9209203553063802,0.47705895024053996,0.5229410497594601,0.0,0.018058477398999906,0.00294022651014747,0.02271186992690577,0.0008115789439826493,0.018786164941878125,-0.00019379552607134976,13927
PI3KIC50,9,0.9300624435502898,0.9192135413625732,0.9428385433445544,0.9231188814766412,0.481367128599124,0.518632871400876,0.0,0.017055510406913332,0.004328696458037351,0.020460794291883966,0.0025562401035884585,0.01661617130585058,0.0016328499430030563,13927
PRISM19Q4_independent,0,0.9380875181873304,0.9423395377095447,0.9387893912467711,0.9149956928929731,0.5346578366445917,0.4653421633554084,0.0,-0.0013182399053037752,0.024867778393512507,-0.0002478738968560851,0.003505292335544405,-0.00016953960949221691,0.0027902061576085407,2265
PRISM19Q4_independent,1,0.937951324387972,0.9422275022874955,0.9386396592485394,0.9149339750025385,0.5364238410596026,0.46357615894039733,0.0,-0.001182604732196224,0.024769225526699024,-0.0002300214318450844,0.003494914597066426,-0.00015742876145485862,0.00277268081311359,2265
PRISM19Q4_independent,2,0.9379335332775729,0.9423293464501137,0.9386688122688411,0.9149615126251105,0.5342163355408388,0.46578366445916114,0.0,-0.0013534766025229406,0.024970738616528654,-0.0002552506418468242,0.003518978253579663,-0.00015643216653112024,0.0027671447126544346,2265
PRISM19Q4_independent,3,0.9379512320401643,0.9423038585057252,0.9386476578172219,0.9148087472844222,0.5306843267108168,0.4693156732891832,0.0,-0.0013452045292899895,0.024958391662110557,-0.00025357876493742326,0.0035186337881238927,-0.0001622078039788255,0.0027803148918067594,2265
PRISM19Q4_independent,4,0.9379103301935582,0.9423701336910165,0.9386969170815737,0.9149597154804018,0.5359823399558499,0.4640176600441501,0.0,-0.0014615730541269745,0.025094575322974766,-0.00026852732481730257,0.0035312785860531215,-0.00017609842302519774,0.0027905417593899196,2265
PRISM19Q4_independent,5,0.9380861579012362,0.9423593179174972,0.9387768945098135,0.9151056391436981,0.5342163355408388,0.46578366445916114,0.0,-0.0013207960649265216,0.024874199686307996,-0.0002488942201757244,0.0035069136357255976,-0.00015629056273706865,0.0027665851131969676,2265
PRISM19Q4_independent,6,0.9379235499886991,0.9422385816144564,0.9386491992842418,0.9148079928486803,0.5324503311258278,0.4675496688741722,0.0,-0.0013254509143955095,0.024939362638651152,-0.00024835220667508706,0.0035136427042002233,-0.00014124956088877594,0.0027695141091251957,2265
PRISM19Q4_independent,7,0.9379395318227656,0.9422864881172731,0.9386588577708243,0.9149016218717609,0.5333333333333333,0.4666666666666667,0.0,-0.0013429508021043368,0.0249547245149897,-0.00025125839963913155,0.0035160219269020077,-0.00016304025586867665,0.0027801957614637662,2265
PRISM19Q4_independent,8,0.9378517493601455,0.9422184960283978,0.938578681021551,0.914887513794571,0.530242825607064,0.46975717439293596,0.0,-0.0013297121847907212,0.02497349095155521,-0.00024964978886214684,0.0035185145140860102,-0.0001584889215086177,0.0027686130921572294,2265
PRISM19Q4_independent,9,0.9378783707349339,0.942292263009378,0.9386250371162899,0.9148806680302657,0.5342163355408388,0.46578366445916114,0.0,-0.0012727497549509525,0.02489503743001542,-0.00024244225067727998,0.0035085397474662466,-0.0001667428095609158,0.0027789194589155908,2265
