dataset,seed,quartile,method,pcc,rmse,mae,mean_disagreement,n_test
CCLE,0,1,imputer_only,0.7210463047192267,0.6293498662066341,0.47024386884728864,0.021940666284128486,2840
CCLE,0,1,ridge_only,0.7209890356428997,0.6294171459664799,0.47007844160505835,0.021940666284128486,2840
CCLE,0,1,fixed_fusion,0.7211395847634986,0.6292533123305436,0.47004363691399625,0.021940666284128486,2840
CCLE,0,2,imputer_only,0.720405183968725,0.663530309790597,0.4822779141041882,0.07002439402342236,2840
CCLE,0,2,ridge_only,0.720447664857367,0.6635489315959924,0.48223960731362675,0.07002439402342236,2840
CCLE,0,2,fixed_fusion,0.7213742134958785,0.6625729820397619,0.4813949614446858,0.07002439402342236,2840
CCLE,0,3,imputer_only,0.7359794366496045,0.6809576704383277,0.49650654771552144,0.132501718217366,2840
CCLE,0,3,ridge_only,0.7350735853778537,0.6819403888183767,0.4965510135045124,0.132501718217366,2840
CCLE,0,3,fixed_fusion,0.7385510627444898,0.6781302349047973,0.49336320740510187,0.132501718217366,2840
CCLE,0,4,imputer_only,0.7351484455316628,0.7514095727815134,0.5448519936798515,0.2812819675994958,2840
CCLE,0,4,ridge_only,0.729494685014403,0.7578334408843885,0.5548120977283758,0.2812819675994958,2840
CCLE,0,4,fixed_fusion,0.7432332424255031,0.7393254534250623,0.5348568728349921,0.2812819675994958,2840
CCLE,1,1,imputer_only,0.7170589999903533,0.6489344002749834,0.4772827628743548,0.02149558565464579,2840
CCLE,1,1,ridge_only,0.7165396580469222,0.6494472021544044,0.4777097309442134,0.02149558565464579,2840
CCLE,1,1,fixed_fusion,0.7169170380636269,0.649072633328925,0.4773719758237425,0.02149558565464579,2840
CCLE,1,2,imputer_only,0.7182302397370318,0.6521041331050198,0.4765695647025316,0.06893390575177889,2840
CCLE,1,2,ridge_only,0.7157940817246506,0.6545946447127984,0.47882696600014163,0.06893390575177889,2840
CCLE,1,2,fixed_fusion,0.7179507084457833,0.6523971629683963,0.4768067633318629,0.06893390575177889,2840
CCLE,1,3,imputer_only,0.704935996314542,0.6858066951873539,0.5016008646310017,0.13151823541126542,2840
CCLE,1,3,ridge_only,0.7044043506794628,0.6867511818160996,0.5038914194592713,0.13151823541126542,2840
CCLE,1,3,fixed_fusion,0.7076327273809927,0.6830298143456709,0.4992949204056804,0.13151823541126542,2840
CCLE,1,4,imputer_only,0.7404903407318267,0.7633310367787302,0.5538005890054732,0.28466876087083914,2840
CCLE,1,4,ridge_only,0.7253769567990157,0.7825186916427229,0.5691469368933687,0.28466876087083914,2840
CCLE,1,4,fixed_fusion,0.744344278207978,0.7575264348947784,0.5471912218135374,0.28466876087083914,2840
CCLE,2,1,imputer_only,0.7075905238906582,0.6437791941592247,0.4774720747994905,0.021790163375233942,2840
CCLE,2,1,ridge_only,0.7080073613935515,0.6434129274614997,0.4774628525270677,0.021790163375233942,2840
CCLE,2,1,fixed_fusion,0.7079155678591321,0.6434723339593372,0.4773233907235357,0.021790163375233942,2840
CCLE,2,2,imputer_only,0.7232189360442424,0.6658826282051412,0.4884005855550435,0.06932513223197327,2840
CCLE,2,2,ridge_only,0.7240517345288197,0.6651835129382773,0.48728689806702674,0.06932513223197327,2840
CCLE,2,2,fixed_fusion,0.7245235551638036,0.6645882310316349,0.4871053439488554,0.06932513223197327,2840
CCLE,2,3,imputer_only,0.7276682857299172,0.675772188114557,0.48836370579691146,0.13227111739532785,2840
CCLE,2,3,ridge_only,0.7237642995514667,0.680354599775396,0.49384054201238003,0.13227111739532785,2840
CCLE,2,3,fixed_fusion,0.7286152051113395,0.6747383128240814,0.48792043165149024,0.13227111739532785,2840
CCLE,2,4,imputer_only,0.7220706736925977,0.77447805621616,0.5610657266623119,0.28491565658724016,2840
CCLE,2,4,ridge_only,0.7198654668460885,0.7755618288859345,0.5684236026162388,0.28491565658724016,2840
CCLE,2,4,fixed_fusion,0.7324381592568658,0.7596004422762895,0.549606258314242,0.28491565658724016,2840
CCLE,3,1,imputer_only,0.717506933702866,0.6601146344521635,0.48427137184488867,0.02182736039119871,2840
CCLE,3,1,ridge_only,0.7180586232670522,0.6595794678956756,0.483711849062697,0.02182736039119871,2840
CCLE,3,1,fixed_fusion,0.7179020751868425,0.6597269308838303,0.48390462466295886,0.02182736039119871,2840
CCLE,3,2,imputer_only,0.713035142772974,0.6595494089006555,0.4829191523313672,0.06937168831231964,2840
CCLE,3,2,ridge_only,0.7127149147837853,0.6599081774760155,0.4840170895005043,0.06937168831231964,2840
CCLE,3,2,fixed_fusion,0.71379421112773,0.6587744278912478,0.48262136723699856,0.06937168831231964,2840
CCLE,3,3,imputer_only,0.7234863908874173,0.6869903472717779,0.4977970176714376,0.13125667504426813,2840
CCLE,3,3,ridge_only,0.7224944448514806,0.688426948994565,0.4995770734425144,0.13125667504426813,2840
CCLE,3,3,fixed_fusion,0.7258373960750182,0.6844810817164916,0.4954367625707651,0.13125667504426813,2840
CCLE,3,4,imputer_only,0.7441500227866255,0.7320187405015184,0.5440054182377269,0.2824879157147042,2840
CCLE,3,4,ridge_only,0.7330387850800958,0.7458781963782679,0.5558107304348519,0.2824879157147042,2840
CCLE,3,4,fixed_fusion,0.7501513795397834,0.7231449631305673,0.5354477543402744,0.2824879157147042,2840
CCLE,4,1,imputer_only,0.702952424819507,0.6419219290724142,0.47386639541154196,0.02205535008465055,2840
CCLE,4,1,ridge_only,0.7030219808742457,0.6418997013112627,0.47366689939694817,0.02205535008465055,2840
CCLE,4,1,fixed_fusion,0.7031094773814721,0.6417846868645174,0.47359152333775056,0.02205535008465055,2840
CCLE,4,2,imputer_only,0.7106685806312939,0.6394147581856426,0.47268832311289166,0.06973977089108585,2840
CCLE,4,2,ridge_only,0.710713567910507,0.6394658574157327,0.4734073050233657,0.06973977089108585,2840
CCLE,4,2,fixed_fusion,0.7116455417038935,0.638443111367816,0.4721051669164321,0.06973977089108585,2840
CCLE,4,3,imputer_only,0.7255522911606063,0.6966838735702964,0.5094755905883266,0.131328428633475,2840
CCLE,4,3,ridge_only,0.7246313612135743,0.6975727760380103,0.5104388627046998,0.131328428633475,2840
CCLE,4,3,fixed_fusion,0.7281133610171862,0.6939438804778197,0.5067382351364563,0.131328428633475,2840
CCLE,4,4,imputer_only,0.7455215005740023,0.7630307738543189,0.5477932452802531,0.28306858598805545,2840
CCLE,4,4,ridge_only,0.7354433383489404,0.776978405359328,0.5577417255567358,0.28306858598805545,2840
CCLE,4,4,fixed_fusion,0.7511655681136882,0.7548219163238193,0.5371094390833092,0.28306858598805545,2840
CCLE,5,1,imputer_only,0.7186827245228651,0.621560717308332,0.4620721143665666,0.02195072878417756,2840
CCLE,5,1,ridge_only,0.718403357493599,0.6218176157949551,0.4625423428717497,0.02195072878417756,2840
CCLE,5,1,fixed_fusion,0.7186705715144523,0.6215573805836493,0.4621518996706713,0.02195072878417756,2840
CCLE,5,2,imputer_only,0.7148314711619864,0.6661962433741723,0.48898988828939405,0.07060244931428673,2840
CCLE,5,2,ridge_only,0.7153800730675228,0.6657499945689621,0.4890524952515835,0.07060244931428673,2840
CCLE,5,2,fixed_fusion,0.7160574652978908,0.6649947120297406,0.48805937494297225,0.07060244931428673,2840
CCLE,5,3,imputer_only,0.7091783176281375,0.7031497185452671,0.5101537232123211,0.1325885506322227,2840
CCLE,5,3,ridge_only,0.7094688349632048,0.7034211461936161,0.5108253490930686,0.1325885506322227,2840
CCLE,5,3,fixed_fusion,0.7121975654648728,0.7000676719946284,0.5074577499459721,0.1325885506322227,2840
CCLE,5,4,imputer_only,0.7462074557987708,0.7520023146531158,0.5363607228765674,0.2863142072308389,2840
CCLE,5,4,ridge_only,0.733745317103694,0.7685564941680776,0.5589328091042416,0.2863142072308389,2840
CCLE,5,4,fixed_fusion,0.7515549772683058,0.744474230064082,0.5327952910981303,0.2863142072308389,2840
CCLE,6,1,imputer_only,0.7123348127403349,0.633059332610907,0.47579211677283395,0.02248957989168432,2840
CCLE,6,1,ridge_only,0.7124236902120675,0.6330760208006198,0.4757755654343526,0.02248957989168432,2840
CCLE,6,1,fixed_fusion,0.7125035823165119,0.6329348640862934,0.47566594456571104,0.02248957989168432,2840
CCLE,6,2,imputer_only,0.7122744091647664,0.6525576408779065,0.48099446441457316,0.07094883530443324,2840
CCLE,6,2,ridge_only,0.7107322994030452,0.6540110002414505,0.48300048865421047,0.07094883530443324,2840
CCLE,6,2,fixed_fusion,0.7124353539904988,0.6522745245990772,0.48104392817149344,0.07094883530443324,2840
CCLE,6,3,imputer_only,0.7148387357234044,0.6890823062192735,0.49670373772725573,0.1346011646913404,2840
CCLE,6,3,ridge_only,0.7148783230679138,0.6892622401934497,0.4986023627156203,0.1346011646913404,2840
CCLE,6,3,fixed_fusion,0.7179364167948873,0.6857917761937711,0.49399495035457885,0.1346011646913404,2840
CCLE,6,4,imputer_only,0.7405957099762316,0.7736593047612979,0.5535599282932567,0.28382065856311156,2840
CCLE,6,4,ridge_only,0.7307836131592128,0.786034503944956,0.5675998279459723,0.28382065856311156,2840
CCLE,6,4,fixed_fusion,0.7472441918334591,0.7648231448566166,0.5456714239446664,0.28382065856311156,2840
CCLE,7,1,imputer_only,0.728853149535561,0.6361867993596191,0.4724208790396031,0.022459130152292603,2840
CCLE,7,1,ridge_only,0.7283153779687283,0.6367218194571149,0.47336473629311254,0.022459130152292603,2840
CCLE,7,1,fixed_fusion,0.7287160944477403,0.6363209354615085,0.4727693557123056,0.022459130152292603,2840
CCLE,7,2,imputer_only,0.6957740951591661,0.66950684982732,0.487174272263553,0.07089538697774758,2840
CCLE,7,2,ridge_only,0.6977087379733893,0.6678225034226943,0.4867877332279483,0.07089538697774758,2840
CCLE,7,2,fixed_fusion,0.6977057566282462,0.6676835368666614,0.4859866024495691,0.07089538697774758,2840
CCLE,7,3,imputer_only,0.7316001041510222,0.6864313180839432,0.4984249250620028,0.13398542581404835,2840
CCLE,7,3,ridge_only,0.7325931230140439,0.6855600689575202,0.49983186761401416,0.13398542581404835,2840
CCLE,7,3,fixed_fusion,0.734990798556172,0.6826261818646742,0.495600998813789,0.13398542581404835,2840
CCLE,7,4,imputer_only,0.7368349637160243,0.7503946511293237,0.546820325838478,0.2872905090670954,2840
CCLE,7,4,ridge_only,0.730002753809491,0.7592816912974676,0.5588747476615104,0.2872905090670954,2840
CCLE,7,4,fixed_fusion,0.745032058801124,0.7387861479904008,0.5373156246326404,0.2872905090670954,2840
CCLE,8,1,imputer_only,0.720588808316822,0.6352117585864543,0.47402874867100403,0.02264674364205476,2840
CCLE,8,1,ridge_only,0.7207000318007711,0.6351631264206168,0.4741355064149899,0.02264674364205476,2840
CCLE,8,1,fixed_fusion,0.7207718138733923,0.6350525377935291,0.4739379914741759,0.02264674364205476,2840
CCLE,8,2,imputer_only,0.7150329411591696,0.6685207292432501,0.48728018463326905,0.0711154059477439,2840
CCLE,8,2,ridge_only,0.7142928907211925,0.6692975171713531,0.4882330861414822,0.0711154059477439,2840
CCLE,8,2,fixed_fusion,0.7156303637802249,0.6679224787932087,0.4867159750496208,0.0711154059477439,2840
CCLE,8,3,imputer_only,0.7104935667984822,0.6803614533366246,0.4986109124138725,0.1328721205875258,2840
CCLE,8,3,ridge_only,0.712013027055427,0.6793469352367761,0.4981145954816717,0.1328721205875258,2840
CCLE,8,3,fixed_fusion,0.7140452979903023,0.6765096527221017,0.4949600091091321,0.1328721205875258,2840
CCLE,8,4,imputer_only,0.7449223461211301,0.7544684996373555,0.5401840784289523,0.2812188226760785,2840
CCLE,8,4,ridge_only,0.7345359878264395,0.7672398605949123,0.5544794789504932,0.2812188226760785,2840
CCLE,8,4,fixed_fusion,0.751313633783391,0.7457863605480514,0.5317153637624716,0.2812188226760785,2840
CCLE,9,1,imputer_only,0.7207429216506681,0.646869233168443,0.4809650725811928,0.02240729951635856,2840
CCLE,9,1,ridge_only,0.7208183756947376,0.6468086603412936,0.4807516937658747,0.02240729951635856,2840
CCLE,9,1,fixed_fusion,0.7209034505955699,0.64671063558762,0.4807292747178277,0.02240729951635856,2840
CCLE,9,2,imputer_only,0.719725329348734,0.6501394787499164,0.4852390082726422,0.06869150373263246,2840
CCLE,9,2,ridge_only,0.7205693706577947,0.6493677420353656,0.4834800418205215,0.06869150373263246,2840
CCLE,9,2,fixed_fusion,0.7210177705030921,0.6488041824003928,0.4836219159234069,0.06869150373263246,2840
CCLE,9,3,imputer_only,0.7227680991052253,0.662749726158175,0.47968680776620215,0.131203559169572,2840
CCLE,9,3,ridge_only,0.7206858501330061,0.665153143770673,0.4852054906783656,0.131203559169572,2840
CCLE,9,3,fixed_fusion,0.7247497570251603,0.6606093610554674,0.47901022724083153,0.131203559169572,2840
CCLE,9,4,imputer_only,0.7378396458683605,0.7710087628935484,0.5583697472704674,0.2830425797518946,2840
CCLE,9,4,ridge_only,0.728603250888346,0.7828314807215676,0.566922826041023,0.2830425797518946,2840
CCLE,9,4,fixed_fusion,0.7446349885244021,0.7618815755972648,0.5487347494183601,0.2830425797518946,2840
ERKAUC30,0,1,imputer_only,0.6933534936705463,0.6468072617188542,0.44229013269888545,0.029996971096753807,3635
ERKAUC30,0,1,ridge_only,0.6934289997455338,0.646722836846942,0.4427525256997893,0.029996971096753807,3635
ERKAUC30,0,1,fixed_fusion,0.693635239559694,0.6465303652141275,0.4422544484468532,0.029996971096753807,3635
ERKAUC30,0,2,imputer_only,0.6757877415600818,0.6752050662296906,0.4729508430444011,0.09575997821945158,3634
ERKAUC30,0,2,ridge_only,0.6761487848490363,0.6746858217863199,0.47240537392382626,0.09575997821945158,3634
ERKAUC30,0,2,fixed_fusion,0.6778272084758423,0.6731618516800365,0.4707353894950719,0.09575997821945158,3634
ERKAUC30,0,3,imputer_only,0.653970699967854,0.7040621947090892,0.4918281278775262,0.18952006084903397,3635
ERKAUC30,0,3,ridge_only,0.6532886886792846,0.7022857387460475,0.4856315205987433,0.18952006084903397,3635
ERKAUC30,0,3,fixed_fusion,0.6599115942770202,0.6965387181979603,0.48140694108358734,0.18952006084903397,3635
ERKAUC30,0,4,imputer_only,0.6185897113006911,0.9933021136227853,0.690280430249426,0.4656589289665341,3634
ERKAUC30,0,4,ridge_only,0.638811884027969,0.9329225317681443,0.6277616093327058,0.4656589289665341,3634
ERKAUC30,0,4,fixed_fusion,0.6502253317888755,0.9266374551170561,0.6249075007882998,0.4656589289665341,3634
ERKAUC30,1,1,imputer_only,0.6770210626136139,0.6894940720973921,0.45761248416839323,0.02955822837929737,3635
ERKAUC30,1,1,ridge_only,0.6762642528354811,0.6901873909118635,0.4577907277100452,0.02955822837929737,3635
ERKAUC30,1,1,fixed_fusion,0.6768706615293935,0.689626610425932,0.4574421845360158,0.02955822837929737,3635
ERKAUC30,1,2,imputer_only,0.6866172757814641,0.6437179053751719,0.4477243517069571,0.0957687251389244,3634
ERKAUC30,1,2,ridge_only,0.6878283009437333,0.6423541480646849,0.4465346702911874,0.0957687251389244,3634
ERKAUC30,1,2,fixed_fusion,0.6890471585414497,0.6411632291797912,0.44500638938254056,0.0957687251389244,3634
ERKAUC30,1,3,imputer_only,0.674466558219524,0.6984945160148394,0.5048073942973248,0.18745290954088717,3635
ERKAUC30,1,3,ridge_only,0.6747560643713838,0.6968153982306587,0.5022712034604423,0.18745290954088717,3635
ERKAUC30,1,3,fixed_fusion,0.680757317053278,0.6911262165120998,0.49681324075073263,0.18745290954088717,3635
ERKAUC30,1,4,imputer_only,0.6010003405449708,1.0010734059822355,0.6921577301913929,0.46143708148846646,3634
ERKAUC30,1,4,ridge_only,0.6176831581520439,0.944785497528786,0.6358899891493872,0.46143708148846646,3634
ERKAUC30,1,4,fixed_fusion,0.6313776043294778,0.936948674251446,0.6315495869853156,0.46143708148846646,3634
ERKAUC30,2,1,imputer_only,0.687588242957378,0.6598418757672517,0.447117201639939,0.02988959904798554,3635
ERKAUC30,2,1,ridge_only,0.6868107736374167,0.6605470392626568,0.4476920677507541,0.02988959904798554,3635
ERKAUC30,2,1,fixed_fusion,0.6874341219600155,0.6599680677079053,0.4471034075294634,0.02988959904798554,3635
ERKAUC30,2,2,imputer_only,0.6479023288444553,0.7003141730009578,0.47130250942366797,0.0945542480036192,3634
ERKAUC30,2,2,ridge_only,0.6473850026182848,0.7005049905317245,0.47358881253512713,0.0945542480036192,3634
ERKAUC30,2,2,fixed_fusion,0.6494218030022513,0.6987327297812403,0.47054061049517437,0.0945542480036192,3634
ERKAUC30,2,3,imputer_only,0.6666299554047276,0.7101265003245826,0.49335935261921043,0.18702532231098007,3635
ERKAUC30,2,3,ridge_only,0.6657857002632155,0.7096241692417211,0.49202593901573183,0.18702532231098007,3635
ERKAUC30,2,3,fixed_fusion,0.672198717744321,0.7034820710223244,0.4852256195422741,0.18702532231098007,3635
ERKAUC30,2,4,imputer_only,0.6147506239619125,0.9752640129425285,0.6845967311394925,0.45760760150888774,3634
ERKAUC30,2,4,ridge_only,0.631305895818603,0.9222775024203309,0.6319688999204398,0.45760760150888774,3634
ERKAUC30,2,4,fixed_fusion,0.6458897577296395,0.912199576995152,0.6265570739116678,0.45760760150888774,3634
ERKAUC30,3,1,imputer_only,0.6778058082171146,0.6413986116902683,0.44631365131043305,0.029317508503394984,3635
ERKAUC30,3,1,ridge_only,0.6782135210295925,0.6410319549601117,0.4456662470693098,0.029317508503394984,3635
ERKAUC30,3,1,fixed_fusion,0.6782391761600948,0.6409888623067892,0.4457061114529323,0.029317508503394984,3635
ERKAUC30,3,2,imputer_only,0.653547509059667,0.6997120587764205,0.4808725144019405,0.09585627559654468,3634
ERKAUC30,3,2,ridge_only,0.6548966460072455,0.6981449554357982,0.4779934652077791,0.09585627559654468,3634
ERKAUC30,3,2,fixed_fusion,0.6559589847314088,0.6972003927736896,0.4775448047744541,0.09585627559654468,3634
ERKAUC30,3,3,imputer_only,0.669903229850522,0.727774250574755,0.49207977487725185,0.19043146712331427,3635
ERKAUC30,3,3,ridge_only,0.6715054542400961,0.7250469206931016,0.4876067424734108,0.19043146712331427,3635
ERKAUC30,3,3,fixed_fusion,0.6766450873655725,0.7199291186243985,0.4819860905086836,0.19043146712331427,3635
ERKAUC30,3,4,imputer_only,0.6331696500142602,0.9652901405295725,0.6869736778145031,0.4713789185695017,3634
ERKAUC30,3,4,ridge_only,0.6562978533131907,0.898448942677352,0.6143254990645672,0.4713789185695017,3634
ERKAUC30,3,4,fixed_fusion,0.6666652293092137,0.893407857906744,0.6175282338536979,0.4713789185695017,3634
ERKAUC30,4,1,imputer_only,0.6898217363783078,0.6453140966071469,0.4440634571443745,0.029691468924091823,3635
ERKAUC30,4,1,ridge_only,0.6902113934716559,0.6450265028490069,0.44421987929484313,0.029691468924091823,3635
ERKAUC30,4,1,fixed_fusion,0.6902435712732661,0.6449439430566597,0.4439232952219309,0.029691468924091823,3635
ERKAUC30,4,2,imputer_only,0.6731284638364299,0.6633619889299772,0.45772874965825466,0.09435074162068759,3634
ERKAUC30,4,2,ridge_only,0.6753975184400233,0.6611625850567963,0.45593953890791383,0.09435074162068759,3634
ERKAUC30,4,2,fixed_fusion,0.6761051723316457,0.6604916562720867,0.4546760386583708,0.09435074162068759,3634
ERKAUC30,4,3,imputer_only,0.6732244976045442,0.7068472858926279,0.5035241270791726,0.18738771331101975,3635
ERKAUC30,4,3,ridge_only,0.6760249931256529,0.7033519995861739,0.4953276698336331,0.18738771331101975,3635
ERKAUC30,4,3,fixed_fusion,0.680813702607562,0.6986456520949347,0.4925148377594368,0.18738771331101975,3635
ERKAUC30,4,4,imputer_only,0.6057956317597238,1.0070442919016591,0.6939921579616349,0.4615001612742435,3634
ERKAUC30,4,4,ridge_only,0.6265150975576075,0.9451809194080413,0.6365258533719625,0.4615001612742435,3634
ERKAUC30,4,4,fixed_fusion,0.6375415260399783,0.940105169541265,0.632892569292005,0.4615001612742435,3634
ERKAUC30,5,1,imputer_only,0.6791143929072742,0.6589464354136753,0.44930353513598553,0.029756777116355,3635
ERKAUC30,5,1,ridge_only,0.6787109730992779,0.6593081134706955,0.4498164364964954,0.029756777116355,3635
ERKAUC30,5,1,fixed_fusion,0.6791422740478241,0.6589005500443155,0.4493067114226433,0.029756777116355,3635
ERKAUC30,5,2,imputer_only,0.675746978943046,0.6609299337639319,0.4627216518178083,0.09667566665208627,3634
ERKAUC30,5,2,ridge_only,0.675347408446838,0.6611039040466682,0.4618541841192994,0.09667566665208627,3634
ERKAUC30,5,2,fixed_fusion,0.6774324579043496,0.6591605850550826,0.46020398719490485,0.09667566665208627,3634
ERKAUC30,5,3,imputer_only,0.6817277351479151,0.6774262456471913,0.48793180516157236,0.1910806941003007,3635
ERKAUC30,5,3,ridge_only,0.6848912750696721,0.672240797755958,0.48045669337738184,0.1910806941003007,3635
ERKAUC30,5,3,fixed_fusion,0.6898152752734668,0.667801891210569,0.4769637505948248,0.1910806941003007,3635
ERKAUC30,5,4,imputer_only,0.59992394218052,1.0251496168166312,0.702267024146751,0.46765535351311316,3634
ERKAUC30,5,4,ridge_only,0.6328689618646876,0.952417687333658,0.6338777261886817,0.46765535351311316,3634
ERKAUC30,5,4,fixed_fusion,0.6371173681043663,0.9537260135269031,0.6347327714607627,0.46765535351311316,3634
ERKAUC30,6,1,imputer_only,0.6753353096066719,0.6748051174521069,0.45217957564580297,0.02939232404457797,3635
ERKAUC30,6,1,ridge_only,0.6755377410102484,0.6745562658370354,0.4519509510344991,0.02939232404457797,3635
ERKAUC30,6,1,fixed_fusion,0.6756697443089524,0.6744616127435813,0.45179432695990934,0.02939232404457797,3635
ERKAUC30,6,2,imputer_only,0.675496010275312,0.6568331964279451,0.46182546747721726,0.09550168476747652,3634
ERKAUC30,6,2,ridge_only,0.6777951714082247,0.6545035126540995,0.4599883755275191,0.09550168476747652,3634
ERKAUC30,6,2,fixed_fusion,0.6784770027416404,0.6538486402654807,0.45864123741294416,0.09550168476747652,3634
ERKAUC30,6,3,imputer_only,0.6907286835963394,0.6938957876016129,0.4862049731623543,0.1858184360896469,3635
ERKAUC30,6,3,ridge_only,0.6939075145996411,0.689429547893384,0.47996305356521485,0.1858184360896469,3635
ERKAUC30,6,3,fixed_fusion,0.6983023535580611,0.6851895146710051,0.4755396530186204,0.1858184360896469,3635
ERKAUC30,6,4,imputer_only,0.618688372705072,0.9788285818054595,0.6782395092594593,0.4547597709098799,3634
ERKAUC30,6,4,ridge_only,0.6307265608583644,0.9295994791924127,0.6282044528552158,0.4547597709098799,3634
ERKAUC30,6,4,fixed_fusion,0.6469306434291255,0.9181367847450461,0.6218853016870054,0.4547597709098799,3634
ERKAUC30,7,1,imputer_only,0.6738202677387175,0.6459013900607649,0.4512299910959393,0.02958104649809749,3635
ERKAUC30,7,1,ridge_only,0.6738245084052068,0.6458775438000848,0.45143407119796425,0.02958104649809749,3635
ERKAUC30,7,1,fixed_fusion,0.6740616532072261,0.6456624716362908,0.45111968610030595,0.02958104649809749,3635
ERKAUC30,7,2,imputer_only,0.6875403638035241,0.6696122203814449,0.460166381912736,0.09476422536636389,3634
ERKAUC30,7,2,ridge_only,0.6882555752449919,0.6687657318810658,0.4594633577100755,0.09476422536636389,3634
ERKAUC30,7,2,fixed_fusion,0.6896840374576345,0.6674245370986525,0.45776281305110816,0.09476422536636389,3634
ERKAUC30,7,3,imputer_only,0.615391723101124,0.7559931870612308,0.5098121411769058,0.1865272207903654,3635
ERKAUC30,7,3,ridge_only,0.6144906962512817,0.7549747336175079,0.5065891900626205,0.1865272207903654,3635
ERKAUC30,7,3,fixed_fusion,0.6210108514193423,0.7495151935051395,0.5009312230486308,0.1865272207903654,3635
ERKAUC30,7,4,imputer_only,0.6476538198986725,0.9564430160909324,0.6753337493277297,0.4612695834269859,3634
ERKAUC30,7,4,ridge_only,0.6535506599289564,0.9123666777706985,0.6245156038168358,0.4612695834269859,3634
ERKAUC30,7,4,fixed_fusion,0.6724970251102427,0.8969582435926162,0.6156089576797987,0.4612695834269859,3634
ERKAUC30,8,1,imputer_only,0.6870421492602095,0.632917941934318,0.44389849806238385,0.02970800809036976,3635
ERKAUC30,8,1,ridge_only,0.6872450262499777,0.6327978378276058,0.4435177947696557,0.02970800809036976,3635
ERKAUC30,8,1,fixed_fusion,0.6873696778061315,0.6326228466821462,0.4434187578332983,0.02970800809036976,3635
ERKAUC30,8,2,imputer_only,0.6667989278393305,0.6903477196028169,0.4659360925724875,0.09594253693355158,3634
ERKAUC30,8,2,ridge_only,0.6676426545453784,0.6894706418502106,0.46469020335294037,0.09594253693355158,3634
ERKAUC30,8,2,fixed_fusion,0.6690477716863018,0.6881575970064691,0.4631439963733898,0.09594253693355158,3634
ERKAUC30,8,3,imputer_only,0.6568692182427415,0.7323029292287836,0.510039051178465,0.18750555210074593,3635
ERKAUC30,8,3,ridge_only,0.6587615940133973,0.7285825189496049,0.5020473737488579,0.18750555210074593,3635
ERKAUC30,8,3,fixed_fusion,0.6636600420014602,0.7242013404086679,0.4989221786827362,0.18750555210074593,3635
ERKAUC30,8,4,imputer_only,0.6147929295313981,0.9869246423191032,0.6855698805126509,0.4661386118518536,3634
ERKAUC30,8,4,ridge_only,0.62943242772315,0.9334658124513787,0.6304750852826606,0.4661386118518536,3634
ERKAUC30,8,4,fixed_fusion,0.645549732966744,0.9220067663114396,0.6249893574938462,0.4661386118518536,3634
ERKAUC30,9,1,imputer_only,0.6766652716397741,0.6352287377389622,0.44519561156143717,0.030220649761828033,3635
ERKAUC30,9,1,ridge_only,0.6768828991048189,0.6349968360667088,0.4449714108270643,0.030220649761828033,3635
ERKAUC30,9,1,fixed_fusion,0.6770276393412358,0.6348721518191343,0.44480023684676356,0.030220649761828033,3635
ERKAUC30,9,2,imputer_only,0.6696339911914062,0.701275320119497,0.46949120842377084,0.09469631511100912,3634
ERKAUC30,9,2,ridge_only,0.6680906766093628,0.7025329606364643,0.4699693657522259,0.09469631511100912,3634
ERKAUC30,9,2,fixed_fusion,0.6705828049612108,0.7002307016259602,0.46766187827709726,0.09469631511100912,3634
ERKAUC30,9,3,imputer_only,0.6891111574142097,0.6943296304209727,0.4927905197838351,0.18485160134822395,3635
ERKAUC30,9,3,ridge_only,0.6904335100773958,0.6912433076937107,0.4844389262605501,0.18485160134822395,3635
ERKAUC30,9,3,fixed_fusion,0.6955077491815425,0.6863822243221974,0.48147718189542016,0.18485160134822395,3635
ERKAUC30,9,4,imputer_only,0.6195270838270861,0.9873057472551294,0.6760352408019222,0.46248328688246415,3634
ERKAUC30,9,4,ridge_only,0.6376850157253422,0.9259223187664165,0.6261770132854669,0.46248328688246415,3634
ERKAUC30,9,4,fixed_fusion,0.6495384828067132,0.9203636474580722,0.6180502570272329,0.46248328688246415,3634
ERKIC50,0,1,imputer_only,0.664514102702434,0.7124138283990803,0.5358708979501787,0.027683227823391592,3861
ERKIC50,0,1,ridge_only,0.6653453545966999,0.7116876194659485,0.5353375550029433,0.027683227823391592,3861
ERKIC50,0,1,fixed_fusion,0.6651191414797417,0.7118712725710197,0.5354644171152395,0.027683227823391592,3861
ERKIC50,0,2,imputer_only,0.6457688914347617,0.7330226983961707,0.5634392029167967,0.08556242972275648,3861
ERKIC50,0,2,ridge_only,0.644654888298437,0.7340118373640022,0.5655099578816283,0.08556242972275648,3861
ERKIC50,0,2,fixed_fusion,0.6465274307449529,0.7322129871070564,0.5631864328153876,0.08556242972275648,3861
ERKIC50,0,3,imputer_only,0.6412527556279437,0.7465388104559547,0.5740328626128813,0.16391225830125736,3861
ERKIC50,0,3,ridge_only,0.6433584095507443,0.7449911982569296,0.5717817491932358,0.16391225830125736,3861
ERKIC50,0,3,fixed_fusion,0.6469393851778301,0.7411060639701503,0.5689904246991413,0.16391225830125736,3861
ERKIC50,0,4,imputer_only,0.6014423474294557,0.9101206196595685,0.6745136050202024,0.36910832315596503,3860
ERKIC50,0,4,ridge_only,0.6059474453948379,0.8925304838314333,0.6621795746269692,0.36910832315596503,3860
ERKIC50,0,4,fixed_fusion,0.621250926431,0.8786962719430935,0.649092844488942,0.36910832315596503,3860
ERKIC50,1,1,imputer_only,0.6543287405137231,0.6954576272933282,0.5302356728658645,0.026834918561636847,3861
ERKIC50,1,1,ridge_only,0.654248002643235,0.6954967091341265,0.530031204818554,0.026834918561636847,3861
ERKIC50,1,1,fixed_fusion,0.6544646040705009,0.6953048288024865,0.5299792780312154,0.026834918561636847,3861
ERKIC50,1,2,imputer_only,0.6530385473701228,0.7582583582861993,0.5644232649341654,0.08472284741532776,3861
ERKIC50,1,2,ridge_only,0.6509990478967567,0.7600016756833559,0.5661161024134526,0.08472284741532776,3861
ERKIC50,1,2,fixed_fusion,0.653305832175637,0.7578910159527317,0.5640312200009329,0.08472284741532776,3861
ERKIC50,1,3,imputer_only,0.6363575983593939,0.7630481235032799,0.582004577648501,0.16336121904895065,3861
ERKIC50,1,3,ridge_only,0.6337841684975051,0.7659300573070592,0.5845926276355174,0.16336121904895065,3861
ERKIC50,1,3,fixed_fusion,0.6395252360222173,0.7599818288591863,0.5794751651156452,0.16336121904895065,3861
ERKIC50,1,4,imputer_only,0.6198858833991292,0.8703742534495941,0.6585584950570238,0.3650653803067214,3860
ERKIC50,1,4,ridge_only,0.6281605877874537,0.8514215383564434,0.6476107909113418,0.3650653803067214,3860
ERKIC50,1,4,fixed_fusion,0.6426504284074714,0.8375132275385021,0.6324129439304915,0.3650653803067214,3860
ERKIC50,2,1,imputer_only,0.65306526683069,0.704152908689847,0.5379026808440419,0.028035993740694418,3861
ERKIC50,2,1,ridge_only,0.6534051195446055,0.7038588209876306,0.5377005627306081,0.028035993740694418,3861
ERKIC50,2,1,fixed_fusion,0.6534307844868567,0.7038200797499317,0.5376383614199179,0.028035993740694418,3861
ERKIC50,2,2,imputer_only,0.6678380810561606,0.7196973508146391,0.5588583209825247,0.08618705944694594,3861
ERKIC50,2,2,ridge_only,0.6682658092808844,0.7193753157956874,0.5597664956367621,0.08618705944694594,3861
ERKIC50,2,2,fixed_fusion,0.6694342150432306,0.7181875319635417,0.5582630951965768,0.08618705944694594,3861
ERKIC50,2,3,imputer_only,0.6268611942210581,0.76688361189163,0.577574411361765,0.16383053872570766,3861
ERKIC50,2,3,ridge_only,0.6301595373477639,0.7639105633312692,0.5768834184924421,0.16383053872570766,3861
ERKIC50,2,3,fixed_fusion,0.6330459323891542,0.7608724385215865,0.5734785863833965,0.16383053872570766,3861
ERKIC50,2,4,imputer_only,0.6215761961563111,0.8881322035322954,0.6680389378541606,0.36651259009349957,3860
ERKIC50,2,4,ridge_only,0.6242520461849996,0.8735348515120532,0.6562012849890464,0.36651259009349957,3860
ERKIC50,2,4,fixed_fusion,0.6411092894445903,0.8578907813098703,0.6429958183075556,0.36651259009349957,3860
ERKIC50,3,1,imputer_only,0.6539992310020296,0.7221725363154717,0.550584179698075,0.028189476446519472,3861
ERKIC50,3,1,ridge_only,0.6541041384801224,0.7220502762777593,0.550358770749063,0.028189476446519472,3861
ERKIC50,3,1,fixed_fusion,0.6542380559650071,0.7219286532364982,0.5503280571269934,0.028189476446519472,3861
ERKIC50,3,2,imputer_only,0.6619300583542471,0.7009760805497709,0.5441374858491451,0.0859911093406082,3861
ERKIC50,3,2,ridge_only,0.6610455449676753,0.7019697834846297,0.5464456081203591,0.0859911093406082,3861
ERKIC50,3,2,fixed_fusion,0.6629155781861816,0.7000956215149651,0.5442500958450645,0.0859911093406082,3861
ERKIC50,3,3,imputer_only,0.6590716783434096,0.7336493711888105,0.567040784344836,0.16465506886224446,3861
ERKIC50,3,3,ridge_only,0.659118153294588,0.7335378823312527,0.5658339558825224,0.16465506886224446,3861
ERKIC50,3,3,fixed_fusion,0.6637015204717359,0.7288071067459357,0.5620674304377091,0.16465506886224446,3861
ERKIC50,3,4,imputer_only,0.6104962765551266,0.9107533564607021,0.6648883970830951,0.3740785634248889,3860
ERKIC50,3,4,ridge_only,0.6200389967175194,0.8905832485062913,0.6521243804399304,0.3740785634248889,3860
ERKIC50,3,4,fixed_fusion,0.6338450940633283,0.8772187266878644,0.6380666007199961,0.3740785634248889,3860
ERKIC50,4,1,imputer_only,0.6501532327829481,0.7123351912535164,0.5456786527938675,0.02614842548969302,3861
ERKIC50,4,1,ridge_only,0.6504232896853666,0.7122183613279183,0.5461308081514324,0.02614842548969302,3861
ERKIC50,4,1,fixed_fusion,0.6504582996654062,0.7121147744926672,0.5457526094469641,0.02614842548969302,3861
ERKIC50,4,2,imputer_only,0.6623122555874982,0.7157862225430748,0.5523479169613066,0.08343661806397323,3861
ERKIC50,4,2,ridge_only,0.6593748942992145,0.7184722207434049,0.5547540127080675,0.08343661806397323,3861
ERKIC50,4,2,fixed_fusion,0.6621716155454922,0.7158599907422974,0.5524158022600651,0.08343661806397323,3861
ERKIC50,4,3,imputer_only,0.6641488800428759,0.7305605876687646,0.5573200871900802,0.1615236656039826,3861
ERKIC50,4,3,ridge_only,0.661747776276885,0.7326749829716126,0.5605418949634126,0.1615236656039826,3861
ERKIC50,4,3,fixed_fusion,0.6675185469524191,0.7270070012483785,0.5550230058148041,0.1615236656039826,3861
ERKIC50,4,4,imputer_only,0.6260139914247205,0.8875817210178867,0.6701129800140154,0.362751018076018,3860
ERKIC50,4,4,ridge_only,0.6294146371684163,0.874481760135762,0.6582291921245045,0.362751018076018,3860
ERKIC50,4,4,fixed_fusion,0.6456234269702125,0.8587072968985152,0.6443285019069559,0.362751018076018,3860
ERKIC50,5,1,imputer_only,0.6522003441017956,0.7233480837698494,0.5533834246432093,0.026546066248895803,3861
ERKIC50,5,1,ridge_only,0.6522157602379215,0.723352369609479,0.5531612160972377,0.026546066248895803,3861
ERKIC50,5,1,fixed_fusion,0.6523791482027941,0.7231865050547538,0.5531550463923653,0.026546066248895803,3861
ERKIC50,5,2,imputer_only,0.6550788031573991,0.7124904883066145,0.5545413086340266,0.0847095741655912,3861
ERKIC50,5,2,ridge_only,0.6538181404120122,0.7134304354701329,0.5538774615456197,0.0847095741655912,3861
ERKIC50,5,2,fixed_fusion,0.6557937923882359,0.7116460482533473,0.5530502735967967,0.0847095741655912,3861
ERKIC50,5,3,imputer_only,0.6537199769242096,0.758907128962991,0.5686186866609068,0.16054731941456543,3861
ERKIC50,5,3,ridge_only,0.6542398925752753,0.7583151099476382,0.5691864189493527,0.16054731941456543,3861
ERKIC50,5,3,fixed_fusion,0.6583641577305314,0.7542179860816638,0.5649661858030214,0.16054731941456543,3861
ERKIC50,5,4,imputer_only,0.6304586212592744,0.867110905095246,0.654803745924305,0.363654072836483,3860
ERKIC50,5,4,ridge_only,0.6322619905582358,0.8541356906222264,0.6405138017812575,0.363654072836483,3860
ERKIC50,5,4,fixed_fusion,0.6498521596637677,0.837294990691113,0.6284165774136874,0.363654072836483,3860
ERKIC50,6,1,imputer_only,0.64747527372679,0.7323463267251995,0.5563021784909669,0.026748222421697464,3861
ERKIC50,6,1,ridge_only,0.647513786446603,0.7323435135850338,0.5566850733945832,0.026748222421697464,3861
ERKIC50,6,1,fixed_fusion,0.6476589941597511,0.7321819766531615,0.556357019927923,0.026748222421697464,3861
ERKIC50,6,2,imputer_only,0.6486762455749636,0.7146230610933777,0.5495918339824821,0.0843388308480052,3861
ERKIC50,6,2,ridge_only,0.6479725204641147,0.7152975565371066,0.5511367414417009,0.0843388308480052,3861
ERKIC50,6,2,fixed_fusion,0.6497068654356262,0.7136572421015273,0.5493886014681987,0.0843388308480052,3861
ERKIC50,6,3,imputer_only,0.6531202150741972,0.7492348918017138,0.5718522573784024,0.16371479440177508,3861
ERKIC50,6,3,ridge_only,0.6501153802820769,0.7520987408097195,0.5726973382431366,0.16371479440177508,3861
ERKIC50,6,3,fixed_fusion,0.6562273615575491,0.7460472868250428,0.5681704634349892,0.16371479440177508,3861
ERKIC50,6,4,imputer_only,0.6359025682508881,0.8700601922323323,0.6573386281540285,0.36947777191903247,3860
ERKIC50,6,4,ridge_only,0.6355164894459129,0.8575649678855948,0.6409240725430275,0.36947777191903247,3860
ERKIC50,6,4,fixed_fusion,0.6543373809012226,0.8401499710195705,0.6289006143638002,0.36947777191903247,3860
ERKIC50,7,1,imputer_only,0.654376858181703,0.7160853535958609,0.5450877919326194,0.027234204748355487,3861
ERKIC50,7,1,ridge_only,0.6542103181793872,0.7162035468196039,0.5450415495698236,0.027234204748355487,3861
ERKIC50,7,1,fixed_fusion,0.654473261282694,0.7159714836575702,0.5448779114997041,0.027234204748355487,3861
ERKIC50,7,2,imputer_only,0.6636541142214994,0.7113317679356598,0.5460180623060426,0.08651046581386389,3861
ERKIC50,7,2,ridge_only,0.6610301356065039,0.7137791634497442,0.5470462640385511,0.08651046581386389,3861
ERKIC50,7,2,fixed_fusion,0.6637296356223462,0.7111794522653206,0.5452428006837362,0.08651046581386389,3861
ERKIC50,7,3,imputer_only,0.6433283598244943,0.7639806133241678,0.5850356368201118,0.16554444785572625,3861
ERKIC50,7,3,ridge_only,0.6424417778626696,0.7645525828860585,0.5840297279202864,0.16554444785572625,3861
ERKIC50,7,3,fixed_fusion,0.6475655214975106,0.7596406267708995,0.5801905998898402,0.16554444785572625,3861
ERKIC50,7,4,imputer_only,0.6314345866691421,0.8672328754935844,0.6505135058044831,0.36838632061042453,3860
ERKIC50,7,4,ridge_only,0.6321506473684524,0.8562434260030652,0.641706781829938,0.36838632061042453,3860
ERKIC50,7,4,fixed_fusion,0.6508805654994608,0.8379740451511151,0.6267280489073085,0.36838632061042453,3860
ERKIC50,8,1,imputer_only,0.6518456579436757,0.716325066752736,0.5487000322677666,0.02662720811544616,3861
ERKIC50,8,1,ridge_only,0.6514908132361424,0.716682292059934,0.5491342823719139,0.02662720811544616,3861
ERKIC50,8,1,fixed_fusion,0.651840070353233,0.7163368692741465,0.5487704469036793,0.02662720811544616,3861
ERKIC50,8,2,imputer_only,0.6467888044006987,0.7355473203763883,0.5590215204646545,0.08511855258208131,3861
ERKIC50,8,2,ridge_only,0.6468446092042686,0.7356162901805844,0.5581588792480449,0.08511855258208131,3861
ERKIC50,8,2,fixed_fusion,0.6481568281214124,0.7342879090403752,0.5574780782640949,0.08511855258208131,3861
ERKIC50,8,3,imputer_only,0.6451346601303294,0.7725624228380734,0.5709434331576954,0.16562072973255992,3861
ERKIC50,8,3,ridge_only,0.6473551428341472,0.7707150946722305,0.5695612953479245,0.16562072973255992,3861
ERKIC50,8,3,fixed_fusion,0.6508601528357191,0.7670467674906417,0.565827674268869,0.16562072973255992,3861
ERKIC50,8,4,imputer_only,0.6151806303978943,0.873586237640657,0.6676261592593266,0.37012776061651237,3860
ERKIC50,8,4,ridge_only,0.6168726689925601,0.8569245439903413,0.6571328220848559,0.37012776061651237,3860
ERKIC50,8,4,fixed_fusion,0.6345367004067094,0.8411263764314495,0.6432793059010451,0.37012776061651237,3860
ERKIC50,9,1,imputer_only,0.6553033400670446,0.7246119068071968,0.5582103151628145,0.02687329264397245,3861
ERKIC50,9,1,ridge_only,0.6558391730980923,0.7241103028176843,0.5575991391734785,0.02687329264397245,3861
ERKIC50,9,1,fixed_fusion,0.6557492160873755,0.7241941971917154,0.5577577915452038,0.02687329264397245,3861
ERKIC50,9,2,imputer_only,0.6418925541831785,0.7205093431198636,0.555642922061261,0.0843814144978853,3861
ERKIC50,9,2,ridge_only,0.6394558917250586,0.7224836704664738,0.5576554265700807,0.0843814144978853,3861
ERKIC50,9,2,fixed_fusion,0.6419813840500347,0.7202041685371858,0.5555793088536077,0.0843814144978853,3861
ERKIC50,9,3,imputer_only,0.6380365990952747,0.7706546652404396,0.5741361325598382,0.16304191392561773,3861
ERKIC50,9,3,ridge_only,0.6376308273452884,0.7709075939297679,0.5729234146193776,0.16304191392561773,3861
ERKIC50,9,3,fixed_fusion,0.6423762538780792,0.7663184732292034,0.569609135466878,0.16304191392561773,3861
ERKIC50,9,4,imputer_only,0.6290412764764343,0.8683158159817427,0.6532560338430412,0.36974365684213456,3860
ERKIC50,9,4,ridge_only,0.6215811516620398,0.8655712875908467,0.6487148223590942,0.36974365684213456,3860
ERKIC50,9,4,fixed_fusion,0.6448942996924883,0.8427851343700533,0.6309083567890176,0.36974365684213456,3860
PI3KAUC,0,1,imputer_only,0.6061494497383982,0.7207023780522525,0.5161601422660409,0.029371252744749218,3333
PI3KAUC,0,1,ridge_only,0.6056811066583969,0.7210218223444756,0.5164698383545178,0.029371252744749218,3333
PI3KAUC,0,1,fixed_fusion,0.6061487550331361,0.7206623724096222,0.5161045812981958,0.029371252744749218,3333
PI3KAUC,0,2,imputer_only,0.6018613295353938,0.7380529449796019,0.5314181502616404,0.09264136134787104,3333
PI3KAUC,0,2,ridge_only,0.6007876800725759,0.7391468134810578,0.5307509871345661,0.09264136134787104,3333
PI3KAUC,0,2,fixed_fusion,0.6030279656792911,0.7370763592661721,0.5294213468789208,0.09264136134787104,3333
PI3KAUC,0,3,imputer_only,0.6195338898352472,0.7770503570429922,0.5460154042729634,0.17868729516810172,3333
PI3KAUC,0,3,ridge_only,0.6245736276863243,0.7723640056495564,0.5412522211202909,0.17868729516810172,3333
PI3KAUC,0,3,fixed_fusion,0.6278485309330054,0.7693711491603334,0.5380784703190952,0.17868729516810172,3333
PI3KAUC,0,4,imputer_only,0.5794291309265421,0.9878567221353053,0.6994000731157889,0.43699573305402495,3332
PI3KAUC,0,4,ridge_only,0.6058314403527874,0.9247814902112862,0.6399512882352067,0.43699573305402495,3332
PI3KAUC,0,4,fixed_fusion,0.6135231944837396,0.9236429544944498,0.640283356308818,0.43699573305402495,3332
PI3KAUC,1,1,imputer_only,0.5909861567217782,0.7408872879342324,0.5192128518695414,0.029165726811411302,3333
PI3KAUC,1,1,ridge_only,0.5899479073042101,0.7416662824755873,0.5193690148793451,0.029165726811411302,3333
PI3KAUC,1,1,fixed_fusion,0.5907037460477618,0.7410854687950816,0.5190230019142938,0.029165726811411302,3333
PI3KAUC,1,2,imputer_only,0.6302096830616563,0.7146614124878922,0.5269373262154844,0.09290331938901138,3333
PI3KAUC,1,2,ridge_only,0.6304334294625265,0.714410094290219,0.5274490012609044,0.09290331938901138,3333
PI3KAUC,1,2,fixed_fusion,0.6320383454589609,0.7129465149892418,0.5256337424384243,0.09290331938901138,3333
PI3KAUC,1,3,imputer_only,0.6187162139859184,0.7755656502208381,0.550519781477547,0.1825366108991237,3333
PI3KAUC,1,3,ridge_only,0.6251572708490234,0.7695358497363433,0.5459255581377788,0.1825366108991237,3333
PI3KAUC,1,3,fixed_fusion,0.6279688724415848,0.7669739486701024,0.5426687087112232,0.1825366108991237,3333
PI3KAUC,1,4,imputer_only,0.6021714919694033,0.9571320655738808,0.6857222845588118,0.43508016418552165,3332
PI3KAUC,1,4,ridge_only,0.6010671640402959,0.9270398099538517,0.6454890866036364,0.43508016418552165,3332
PI3KAUC,1,4,fixed_fusion,0.6241217841367565,0.9090283993770234,0.6375823390060548,0.43508016418552165,3332
PI3KAUC,2,1,imputer_only,0.6274809719268423,0.7029951042631936,0.507191573213204,0.029403846396148393,3333
PI3KAUC,2,1,ridge_only,0.626581301722675,0.7036622754240788,0.5075477003245452,0.029403846396148393,3333
PI3KAUC,2,1,fixed_fusion,0.6272801449816225,0.7031233150094608,0.5071337292839126,0.029403846396148393,3333
PI3KAUC,2,2,imputer_only,0.5922096777364784,0.7414604518155294,0.5293259450695812,0.0940118483442365,3333
PI3KAUC,2,2,ridge_only,0.5919221322660432,0.7414717650932752,0.5274436087601014,0.0940118483442365,3333
PI3KAUC,2,2,fixed_fusion,0.5938354954433793,0.739902886847436,0.5267671797078077,0.0940118483442365,3333
PI3KAUC,2,3,imputer_only,0.5908081195181546,0.8053341668584377,0.5605437244033269,0.18482016308298527,3333
PI3KAUC,2,3,ridge_only,0.5901811064937622,0.8048264127317529,0.5559852398957927,0.18482016308298527,3333
PI3KAUC,2,3,fixed_fusion,0.5963458027306828,0.7995788385182376,0.5519998515680631,0.18482016308298527,3333
PI3KAUC,2,4,imputer_only,0.5751688931747819,1.0014111324560708,0.7086046567548729,0.44537969215466705,3332
PI3KAUC,2,4,ridge_only,0.6054403339803321,0.9274235672438327,0.6521519886337265,0.44537969215466705,3332
PI3KAUC,2,4,fixed_fusion,0.6103127593222991,0.9309395931399685,0.6508810374817091,0.44537969215466705,3332
PI3KAUC,3,1,imputer_only,0.6281811050277284,0.7053271631718167,0.5124209176976129,0.02928822548926422,3333
PI3KAUC,3,1,ridge_only,0.6280470913596564,0.7054346484050036,0.5124165927744504,0.02928822548926422,3333
PI3KAUC,3,1,fixed_fusion,0.6283450841375322,0.7051759141834483,0.5122087444489445,0.02928822548926422,3333
PI3KAUC,3,2,imputer_only,0.6218662919705755,0.7111850761177017,0.513398573353925,0.09406644436247152,3333
PI3KAUC,3,2,ridge_only,0.6209278458274183,0.711951102236957,0.5133342902687356,0.09406644436247152,3333
PI3KAUC,3,2,fixed_fusion,0.6232530169016689,0.7099354780505406,0.511705911964838,0.09406644436247152,3333
PI3KAUC,3,3,imputer_only,0.6250531325105178,0.7682299545894495,0.5523415394933072,0.1827116112118297,3333
PI3KAUC,3,3,ridge_only,0.6237648069984072,0.7682741124017753,0.5533133175063414,0.1827116112118297,3333
PI3KAUC,3,3,fixed_fusion,0.6303547058613413,0.7626234479898341,0.5472496450025334,0.1827116112118297,3333
PI3KAUC,3,4,imputer_only,0.5516089164605754,1.0337041209246751,0.6995200431533425,0.4481867766397695,3332
PI3KAUC,3,4,ridge_only,0.5939564680479422,0.9486229780509396,0.6377080824244405,0.4481867766397695,3332
PI3KAUC,3,4,fixed_fusion,0.5942008035122558,0.9561295981631956,0.6366995353527265,0.4481867766397695,3332
PI3KAUC,4,1,imputer_only,0.614027450461117,0.6948619954895819,0.5034269945364385,0.029275767181595094,3333
PI3KAUC,4,1,ridge_only,0.6138714188656277,0.6949850112140565,0.5026708241157353,0.029275767181595094,3333
PI3KAUC,4,1,fixed_fusion,0.6141909885450096,0.694714668312709,0.502810448325284,0.029275767181595094,3333
PI3KAUC,4,2,imputer_only,0.6197583560113358,0.7187945225589847,0.5289999874767974,0.09477536751534661,3333
PI3KAUC,4,2,ridge_only,0.6203857130800866,0.7180385889452758,0.5280544260092072,0.09477536751534661,3333
PI3KAUC,4,2,fixed_fusion,0.6218455147017923,0.7167765119599983,0.5268684392216033,0.09477536751534661,3333
PI3KAUC,4,3,imputer_only,0.6003342818719827,0.8214850255728721,0.5667145826102927,0.1848230720387295,3333
PI3KAUC,4,3,ridge_only,0.6015443718305735,0.8200531654141754,0.5625323092471264,0.1848230720387295,3333
PI3KAUC,4,3,fixed_fusion,0.6068902211467398,0.8153831030490234,0.5581543131143192,0.1848230720387295,3333
PI3KAUC,4,4,imputer_only,0.5774979049995519,0.990312890384974,0.7000977117675472,0.44355761528485826,3332
PI3KAUC,4,4,ridge_only,0.6128719494646538,0.9143819588410304,0.6372502471023327,0.44355761528485826,3332
PI3KAUC,4,4,fixed_fusion,0.6154395149003831,0.919244756430045,0.6379943349893569,0.44355761528485826,3332
PI3KAUC,5,1,imputer_only,0.6364041648273818,0.713235163334915,0.5199821420320783,0.02946225578535964,3333
PI3KAUC,5,1,ridge_only,0.6360095908299491,0.7135166624009015,0.520464692400491,0.02946225578535964,3333
PI3KAUC,5,1,fixed_fusion,0.6364373511466201,0.7131734121651838,0.5200611646643759,0.02946225578535964,3333
PI3KAUC,5,2,imputer_only,0.6279449223479682,0.7040007077611271,0.514851439660376,0.09324892990929884,3333
PI3KAUC,5,2,ridge_only,0.6251178969490937,0.7062299878298969,0.5170916186220875,0.09324892990929884,3333
PI3KAUC,5,2,fixed_fusion,0.6283338457904598,0.7034963160286046,0.5146122970774479,0.09324892990929884,3333
PI3KAUC,5,3,imputer_only,0.5916818738698703,0.783609522236255,0.5484212062934761,0.1819644608405499,3333
PI3KAUC,5,3,ridge_only,0.5920401636126913,0.7820165084554471,0.5483412931839177,0.1819644608405499,3333
PI3KAUC,5,3,fixed_fusion,0.5978198930424499,0.7773373433617287,0.5422975679449983,0.1819644608405499,3333
PI3KAUC,5,4,imputer_only,0.5829017794407602,1.0002264684431765,0.7031585020379921,0.44429594748385143,3332
PI3KAUC,5,4,ridge_only,0.6007230889226929,0.9421228785744837,0.6512830666366952,0.44429594748385143,3332
PI3KAUC,5,4,fixed_fusion,0.6127916534738261,0.9374953249352747,0.6462796344299432,0.44429594748385143,3332
PI3KAUC,6,1,imputer_only,0.6337646250201758,0.6839053069137316,0.4997897112046543,0.028890853048325425,3333
PI3KAUC,6,1,ridge_only,0.6332921294992611,0.6842562695683125,0.49991555391985687,0.028890853048325425,3333
PI3KAUC,6,1,fixed_fusion,0.6337689377013989,0.6838750462379413,0.49969773617403124,0.028890853048325425,3333
PI3KAUC,6,2,imputer_only,0.5873262623313427,0.7637364915619752,0.5366425904642899,0.09356156150644722,3333
PI3KAUC,6,2,ridge_only,0.5899466765423361,0.761715110501554,0.5352711421234695,0.09356156150644722,3333
PI3KAUC,6,2,fixed_fusion,0.5903308822834238,0.7612194321031935,0.5344977928178553,0.09356156150644722,3333
PI3KAUC,6,3,imputer_only,0.6171347760378028,0.7651453222271053,0.5510288030741863,0.18584128710400216,3333
PI3KAUC,6,3,ridge_only,0.6188392456222789,0.7627359537927264,0.5484025653868347,0.18584128710400216,3333
PI3KAUC,6,3,fixed_fusion,0.6241823303444438,0.7580689018118253,0.5432401855136464,0.18584128710400216,3333
PI3KAUC,6,4,imputer_only,0.5737385752022744,1.0080974696913343,0.7109758745463987,0.4492912745350046,3332
PI3KAUC,6,4,ridge_only,0.5888530961349785,0.9554230686946364,0.6620194181936726,0.4492912745350046,3332
PI3KAUC,6,4,fixed_fusion,0.6029532720718517,0.9480582204296337,0.6560315165127895,0.4492912745350046,3332
PI3KAUC,7,1,imputer_only,0.6088060604687009,0.7076705650032672,0.5080000819664253,0.02962527279299174,3333
PI3KAUC,7,1,ridge_only,0.6084923346500843,0.7079135037919927,0.5078970450562192,0.02962527279299174,3333
PI3KAUC,7,1,fixed_fusion,0.6088866087757551,0.7075842704332012,0.5077793013203774,0.02962527279299174,3333
PI3KAUC,7,2,imputer_only,0.6240298104138826,0.7622025460250175,0.5406130931547548,0.09363998000141475,3333
PI3KAUC,7,2,ridge_only,0.6257698634673129,0.7606944400954317,0.5383453715436936,0.09363998000141475,3333
PI3KAUC,7,2,fixed_fusion,0.6266274540371293,0.7599410675517273,0.5379871068496125,0.09363998000141475,3333
PI3KAUC,7,3,imputer_only,0.599932031466342,0.7829946429055077,0.5539588429158938,0.18251755794785757,3333
PI3KAUC,7,3,ridge_only,0.6025470553581626,0.7795371072537816,0.5519369520765874,0.18251755794785757,3333
PI3KAUC,7,3,fixed_fusion,0.6070165939832016,0.77574373248967,0.5466053993420208,0.18251755794785757,3333
PI3KAUC,7,4,imputer_only,0.563554747342903,0.9931843118609291,0.6962657022766459,0.43916072219647667,3332
PI3KAUC,7,4,ridge_only,0.5901821884252334,0.9280627019116023,0.6384074132303624,0.43916072219647667,3332
PI3KAUC,7,4,fixed_fusion,0.5976518490388568,0.9280468061595145,0.6371502879442107,0.43916072219647667,3332
PI3KAUC,8,1,imputer_only,0.6356965248430194,0.7159079930304175,0.5161211818797203,0.02951563258847893,3333
PI3KAUC,8,1,ridge_only,0.6358720772667511,0.7157707842602228,0.5163253097410117,0.02951563258847893,3333
PI3KAUC,8,1,fixed_fusion,0.6360340507215937,0.715635631406032,0.5160003721015672,0.02951563258847893,3333
PI3KAUC,8,2,imputer_only,0.6149057407898966,0.7241358109076637,0.5127770900220036,0.09509470178294416,3333
PI3KAUC,8,2,ridge_only,0.6138119821004905,0.7248656926529577,0.5112895119611736,0.09509470178294416,3333
PI3KAUC,8,2,fixed_fusion,0.6162295218431855,0.7228618862616903,0.5100856311847886,0.09509470178294416,3333
PI3KAUC,8,3,imputer_only,0.6039554553892932,0.7684720203977258,0.5587332018595986,0.1870918230486415,3333
PI3KAUC,8,3,ridge_only,0.6160277478315107,0.7571002221637682,0.5463228371249689,0.1870918230486415,3333
PI3KAUC,8,3,fixed_fusion,0.6159375861064055,0.7568504804010285,0.5466953278308772,0.1870918230486415,3333
PI3KAUC,8,4,imputer_only,0.5668725261908141,1.0085757430800697,0.7066055470205058,0.44477825633296014,3332
PI3KAUC,8,4,ridge_only,0.5777828553213398,0.9621040615703071,0.6675326805782331,0.44477825633296014,3332
PI3KAUC,8,4,fixed_fusion,0.5936187982058041,0.9530314702738033,0.6568100057426904,0.44477825633296014,3332
PI3KAUC,9,1,imputer_only,0.627783530201313,0.7199913184201019,0.5106279599166537,0.029961808017258607,3333
PI3KAUC,9,1,ridge_only,0.6275777900201254,0.720162520518802,0.5105547169026433,0.029961808017258607,3333
PI3KAUC,9,1,fixed_fusion,0.627935788198634,0.7198685168316165,0.5103797880863391,0.029961808017258607,3333
PI3KAUC,9,2,imputer_only,0.5892765311394261,0.7208756499033395,0.5220062887302861,0.09452096032503486,3333
PI3KAUC,9,2,ridge_only,0.5877024219320518,0.7225355251489312,0.5231614326054079,0.09452096032503486,3333
PI3KAUC,9,2,fixed_fusion,0.5902512561233454,0.7200837586567909,0.5209582491768411,0.09452096032503486,3333
PI3KAUC,9,3,imputer_only,0.6186785773469405,0.7677702464154471,0.5500040079307098,0.18445898164519153,3333
PI3KAUC,9,3,ridge_only,0.6217729864272978,0.764264532014994,0.5484907694676896,0.18445898164519153,3333
PI3KAUC,9,3,fixed_fusion,0.6260645195769103,0.7602638815918719,0.5427993632454642,0.18445898164519153,3333
PI3KAUC,9,4,imputer_only,0.5838570133398313,0.9977486348713135,0.7037012729690011,0.4402458100028488,3332
PI3KAUC,9,4,ridge_only,0.6054024499431608,0.9439971503583651,0.6534531181919471,0.4402458100028488,3332
PI3KAUC,9,4,fixed_fusion,0.615715702925756,0.9389086732528185,0.6476097482699289,0.4402458100028488,3332
PI3KIC50,0,1,imputer_only,0.5961773612599716,0.7364379073074833,0.5270123709847121,0.02884349834564688,3482
PI3KIC50,0,1,ridge_only,0.5955451016005384,0.7368168902509429,0.527825544318744,0.02884349834564688,3482
PI3KIC50,0,1,fixed_fusion,0.5960894630318088,0.7364373744038579,0.5272378468672078,0.02884349834564688,3482
PI3KIC50,0,2,imputer_only,0.6146003833671766,0.7206253899291677,0.5279575240272336,0.09319634130037358,3482
PI3KIC50,0,2,ridge_only,0.614546832156057,0.7204452148732543,0.5274000716372557,0.09319634130037358,3482
PI3KIC50,0,2,fixed_fusion,0.6163260933009792,0.7189547456174455,0.5259040740537267,0.09319634130037358,3482
PI3KIC50,0,3,imputer_only,0.5930639133078914,0.8263727378930111,0.572645765781131,0.17986105644293365,3482
PI3KIC50,0,3,ridge_only,0.5980910131139212,0.8207207619327542,0.565085330949256,0.17986105644293365,3482
PI3KIC50,0,3,fixed_fusion,0.6006390256308798,0.8184693266255687,0.5626197376655703,0.17986105644293365,3482
PI3KIC50,0,4,imputer_only,0.6066983357351858,0.9381761300845088,0.673360052247896,0.4398049543669495,3481
PI3KIC50,0,4,ridge_only,0.6271304777665139,0.8848648833770072,0.624974990160748,0.4398049543669495,3481
PI3KIC50,0,4,fixed_fusion,0.6401505774073432,0.8764472129923627,0.6187766188726177,0.4398049543669495,3481
PI3KIC50,1,1,imputer_only,0.6132693984815091,0.7215738763972752,0.5227864035948345,0.029358565879023878,3482
PI3KIC50,1,1,ridge_only,0.6120829083967515,0.7225934586904091,0.5234341771953993,0.029358565879023878,3482
PI3KIC50,1,1,fixed_fusion,0.6129014551543299,0.7218848136130155,0.5229167651905728,0.029358565879023878,3482
PI3KIC50,1,2,imputer_only,0.5896661032794458,0.7353662131405176,0.5339560474548997,0.09390622677588017,3482
PI3KIC50,1,2,ridge_only,0.5905404840537026,0.7346342059209893,0.5331374309507816,0.09390622677588017,3482
PI3KIC50,1,2,fixed_fusion,0.5919514240030986,0.7334230502985988,0.5319181708915219,0.09390622677588017,3482
PI3KIC50,1,3,imputer_only,0.6201808227078622,0.7472255970447568,0.5519640508643483,0.1851186824372463,3482
PI3KIC50,1,3,ridge_only,0.6271040446355596,0.7400561674732578,0.5466228026667399,0.1851186824372463,3482
PI3KIC50,1,3,fixed_fusion,0.6297156036922734,0.7376776905000646,0.5434476265457931,0.1851186824372463,3482
PI3KIC50,1,4,imputer_only,0.5822399952439508,1.0175102822027637,0.714600488530614,0.4533519195954571,3481
PI3KIC50,1,4,ridge_only,0.6189919093441915,0.940792906061532,0.6432665235167213,0.4533519195954571,3481
PI3KIC50,1,4,fixed_fusion,0.6219901436558831,0.9441209807507673,0.6472479849328198,0.4533519195954571,3481
PI3KIC50,2,1,imputer_only,0.5966123799562978,0.7157050819295531,0.5250181779615117,0.028974429329794108,3482
PI3KIC50,2,1,ridge_only,0.5942784917934418,0.7174503371396588,0.5257687880999303,0.028974429329794108,3482
PI3KIC50,2,1,fixed_fusion,0.59568036366319,0.7163805827134845,0.5251960812189623,0.028974429329794108,3482
PI3KIC50,2,2,imputer_only,0.6052918796270472,0.7310307049599601,0.5371384156356994,0.09349932123643187,3482
PI3KIC50,2,2,ridge_only,0.6074348907475858,0.7292373451901222,0.5356331527068895,0.09349932123643187,3482
PI3KIC50,2,2,fixed_fusion,0.608174290297088,0.7285610054487901,0.5349726413783176,0.09349932123643187,3482
PI3KIC50,2,3,imputer_only,0.6193178258363174,0.7683502058521825,0.54973943546995,0.1842202657565158,3482
PI3KIC50,2,3,ridge_only,0.6221285218157632,0.7644884645152191,0.54441753543564,0.1842202657565158,3482
PI3KIC50,2,3,fixed_fusion,0.6266407259121416,0.760677576973873,0.5410433258635636,0.1842202657565158,3482
PI3KIC50,2,4,imputer_only,0.582200424300798,1.0055871876463585,0.7076798543864063,0.45127708086552926,3481
PI3KIC50,2,4,ridge_only,0.6055099739990889,0.9451789622824014,0.6445934143997957,0.45127708086552926,3481
PI3KIC50,2,4,fixed_fusion,0.6158824968022316,0.9409520227880476,0.643451256259796,0.45127708086552926,3481
PI3KIC50,3,1,imputer_only,0.6206745997003352,0.7299483711638403,0.527345930225303,0.029258865792874518,3482
PI3KIC50,3,1,ridge_only,0.620621795271355,0.7299887052107972,0.5272688395077173,0.029258865792874518,3482
PI3KIC50,3,1,fixed_fusion,0.6208769000617961,0.729774419026242,0.5271270066411831,0.029258865792874518,3482
PI3KIC50,3,2,imputer_only,0.6086497480650667,0.7304656751016657,0.5238480888778039,0.09350395114245326,3482
PI3KIC50,3,2,ridge_only,0.6102322283430094,0.7290373532625457,0.5216961373838287,0.09350395114245326,3482
PI3KIC50,3,2,fixed_fusion,0.6112152231937676,0.7281769400078436,0.5211741155352658,0.09350395114245326,3482
PI3KIC50,3,3,imputer_only,0.6089766860337265,0.7505336876837325,0.5493862066263081,0.18281909547792186,3482
PI3KIC50,3,3,ridge_only,0.616504679906166,0.7433077322970352,0.541321943910384,0.18281909547792186,3482
PI3KIC50,3,3,fixed_fusion,0.6189177795440034,0.7411290561873738,0.5397811045751709,0.18281909547792186,3482
PI3KIC50,3,4,imputer_only,0.5634043379577447,1.015015117760127,0.7090454771584347,0.4442378072471017,3481
PI3KIC50,3,4,ridge_only,0.5803396321049225,0.9623869056490915,0.6661987674864145,0.4442378072471017,3481
PI3KIC50,3,4,fixed_fusion,0.5938967759719842,0.9557257015677587,0.6565593387572407,0.4442378072471017,3481
PI3KIC50,4,1,imputer_only,0.6073000799138721,0.726907399875067,0.5253951615797997,0.02944676658980621,3482
PI3KIC50,4,1,ridge_only,0.6084834201358399,0.7260310420555107,0.5245535357928713,0.02944676658980621,3482
PI3KIC50,4,1,fixed_fusion,0.6081296372917531,0.7262695977555067,0.5247697446293256,0.02944676658980621,3482
PI3KIC50,4,2,imputer_only,0.6091551355839411,0.7209285603205148,0.5216774574639526,0.09496103207071754,3482
PI3KIC50,4,2,ridge_only,0.6096445732548008,0.7204564531371769,0.5207076194109672,0.09496103207071754,3482
PI3KIC50,4,2,fixed_fusion,0.6112563665121166,0.7190512892547692,0.5195141658753777,0.09496103207071754,3482
PI3KIC50,4,3,imputer_only,0.5895396730267718,0.8053127132975645,0.5698045529883997,0.18490407315132598,3482
PI3KIC50,4,3,ridge_only,0.5863735433417117,0.8065656644033694,0.5642630463560402,0.18490407315132598,3482
PI3KIC50,4,3,fixed_fusion,0.5938227503531424,0.8004410274672698,0.5610898436343428,0.18490407315132598,3482
PI3KIC50,4,4,imputer_only,0.5958012131277124,0.9755554223578177,0.6917124461829744,0.4460701362297572,3481
PI3KIC50,4,4,ridge_only,0.6293202049749642,0.9039371719136514,0.634746825434401,0.4460701362297572,3481
PI3KIC50,4,4,fixed_fusion,0.6340673119785084,0.9051305419539156,0.6326594328336067,0.4460701362297572,3481
PI3KIC50,5,1,imputer_only,0.6210576174653378,0.7024506044442214,0.5142536746337643,0.028633644657786176,3482
PI3KIC50,5,1,ridge_only,0.6208208124957159,0.7026258152453871,0.5141805026744323,0.028633644657786176,3482
PI3KIC50,5,1,fixed_fusion,0.6211672357773266,0.7023404017914379,0.5140158984570095,0.028633644657786176,3482
PI3KIC50,5,2,imputer_only,0.597257452341043,0.7227961619112611,0.5209683239250732,0.09439638508178855,3482
PI3KIC50,5,2,ridge_only,0.6016565230576905,0.7188686115345138,0.5167168664573905,0.09439638508178855,3482
PI3KIC50,5,2,fixed_fusion,0.601258139216523,0.7192100505837764,0.5171982596291793,0.09439638508178855,3482
PI3KIC50,5,3,imputer_only,0.6077881431527385,0.7904012938373798,0.5646279152825386,0.18660600926771992,3482
PI3KIC50,5,3,ridge_only,0.6079059259559724,0.7895909969412631,0.5638834850120947,0.18660600926771992,3482
PI3KIC50,5,3,fixed_fusion,0.6143213849450361,0.7842827455322947,0.5585651711124558,0.18660600926771992,3482
PI3KIC50,5,4,imputer_only,0.5747456417391874,1.0111021055626674,0.7153500060255349,0.4562698770302416,3481
PI3KIC50,5,4,ridge_only,0.5941102006805059,0.953518730081066,0.6648718059876276,0.4562698770302416,3481
PI3KIC50,5,4,fixed_fusion,0.6069436735016654,0.9472610089224189,0.6580384482007272,0.4562698770302416,3481
PI3KIC50,6,1,imputer_only,0.6344556975955987,0.7076077292780439,0.5244073391668421,0.029641600400460846,3482
PI3KIC50,6,1,ridge_only,0.6354906264758254,0.7067968328967806,0.5239060596596364,0.029641600400460846,3482
PI3KIC50,6,1,fixed_fusion,0.6352181160958495,0.7069947918057617,0.5239648053886903,0.029641600400460846,3482
PI3KIC50,6,2,imputer_only,0.6173566132544841,0.7442990251486588,0.5268905068058167,0.09380680244813991,3482
PI3KIC50,6,2,ridge_only,0.6173932205095722,0.744030847726467,0.5265895311310373,0.09380680244813991,3482
PI3KIC50,6,2,fixed_fusion,0.6191190566163703,0.7426129037565915,0.5252251362982797,0.09380680244813991,3482
PI3KIC50,6,3,imputer_only,0.5938401890440336,0.7670373871342259,0.5587544869446809,0.182436940270529,3482
PI3KIC50,6,3,ridge_only,0.5961807876956833,0.7635695224907287,0.5527402991971764,0.182436940270529,3482
PI3KIC50,6,3,fixed_fusion,0.6007770590909258,0.7596734700235513,0.5502522910289922,0.182436940270529,3482
PI3KIC50,6,4,imputer_only,0.562744804687994,1.013587685540146,0.7094851951646933,0.4439253727318192,3481
PI3KIC50,6,4,ridge_only,0.5868955954710658,0.9507428940873532,0.6614779907347162,0.4439253727318192,3481
PI3KIC50,6,4,fixed_fusion,0.5955325612035125,0.9495853555988356,0.6544463158510173,0.4439253727318192,3481
PI3KIC50,7,1,imputer_only,0.617651262023398,0.7274094154767922,0.5264771970716082,0.029384055418349667,3482
PI3KIC50,7,1,ridge_only,0.6178737653306067,0.7271621250245639,0.5261086356743241,0.029384055418349667,3482
PI3KIC50,7,1,fixed_fusion,0.6179872274185777,0.727084699245024,0.5260926844546839,0.029384055418349667,3482
PI3KIC50,7,2,imputer_only,0.628076456778436,0.726586042439312,0.5271351022250079,0.09464147031943258,3482
PI3KIC50,7,2,ridge_only,0.6269019604283878,0.7273904049524255,0.5264544981057679,0.09464147031943258,3482
PI3KIC50,7,2,fixed_fusion,0.6293708816046659,0.7253742726226466,0.5252509773922687,0.09464147031943258,3482
PI3KIC50,7,3,imputer_only,0.6121496564077137,0.7691120298736063,0.5527948466890413,0.18355133763922615,3482
PI3KIC50,7,3,ridge_only,0.6136850921889225,0.7665424227825415,0.549750097921706,0.18355133763922615,3482
PI3KIC50,7,3,fixed_fusion,0.6190756526734484,0.7621434428055001,0.545219606069229,0.18355133763922615,3482
PI3KIC50,7,4,imputer_only,0.557661573823171,1.0106843258738214,0.7092652316721021,0.44658345910715175,3481
PI3KIC50,7,4,ridge_only,0.57759762547391,0.9459214396146185,0.6623205473661345,0.44658345910715175,3481
PI3KIC50,7,4,fixed_fusion,0.5890815895051309,0.9438612078990596,0.6568879025426028,0.44658345910715175,3481
PI3KIC50,8,1,imputer_only,0.6056564112530434,0.7300837925819753,0.5228750292720762,0.02935719949353512,3482
PI3KIC50,8,1,ridge_only,0.6053851491473722,0.7301604570578414,0.5225556159479863,0.02935719949353512,3482
PI3KIC50,8,1,fixed_fusion,0.6057406578996185,0.729924769235373,0.5224478820032996,0.02935719949353512,3482
PI3KIC50,8,2,imputer_only,0.6339271565727522,0.7219192588967616,0.5297436433103478,0.09515198319160745,3482
PI3KIC50,8,2,ridge_only,0.6352226073750354,0.7209362131117653,0.5277301326198198,0.09515198319160745,3482
PI3KIC50,8,2,fixed_fusion,0.6364872894874757,0.719778264918703,0.5272549572719474,0.09515198319160745,3482
PI3KIC50,8,3,imputer_only,0.6129206809651205,0.7814906982298724,0.5640864971579772,0.1844918738268551,3482
PI3KIC50,8,3,ridge_only,0.6155331219066765,0.7774200410696039,0.5564994255465655,0.1844918738268551,3482
PI3KIC50,8,3,fixed_fusion,0.6199225993448112,0.7738045500746441,0.5540862119784673,0.1844918738268551,3482
PI3KIC50,8,4,imputer_only,0.5581103199995059,1.0078343257450029,0.7194329632796327,0.44612282645080376,3481
PI3KIC50,8,4,ridge_only,0.5840522233777223,0.9390678946171065,0.6534196094539224,0.44612282645080376,3481
PI3KIC50,8,4,fixed_fusion,0.5915302898421336,0.9403724024207253,0.6571919421434956,0.44612282645080376,3481
PI3KIC50,9,1,imputer_only,0.5994743191049112,0.7291333373796279,0.527364456655748,0.029453804938733525,3482
PI3KIC50,9,1,ridge_only,0.5995226008521792,0.7291392689100413,0.5273131188241249,0.029453804938733525,3482
PI3KIC50,9,1,fixed_fusion,0.5997279441700429,0.7289398719422228,0.5271475599530527,0.029453804938733525,3482
PI3KIC50,9,2,imputer_only,0.6162430429387098,0.7183952171001404,0.5225136180250142,0.09258104333744183,3482
PI3KIC50,9,2,ridge_only,0.6211424150465042,0.7144566029489778,0.5176376051498475,0.09258104333744183,3482
PI3KIC50,9,2,fixed_fusion,0.6204618714800891,0.7148521042473427,0.5184251402881387,0.09258104333744183,3482
PI3KIC50,9,3,imputer_only,0.6072090486551686,0.7728612849315799,0.5601385244087967,0.18325268126257077,3482
PI3KIC50,9,3,ridge_only,0.6067780706729248,0.7718371478463667,0.5570789811833687,0.18325268126257077,3482
PI3KIC50,9,3,fixed_fusion,0.6129495039261897,0.7667177915530954,0.5529048836772372,0.18325268126257077,3482
PI3KIC50,9,4,imputer_only,0.5932354260385521,0.9843664271644771,0.6988032254527907,0.43837521742645164,3481
PI3KIC50,9,4,ridge_only,0.6186122248646423,0.9282585473554372,0.6468462154130333,0.43837521742645164,3481
PI3KIC50,9,4,fixed_fusion,0.6275969269521936,0.9236478872846676,0.6438665500863141,0.43837521742645164,3481
PRISM19Q4_independent,0,1,imputer_only,0.6327237734401622,0.09635711191098581,0.06840585390306234,0.003699062257426967,567
PRISM19Q4_independent,0,1,ridge_only,0.631303029206693,0.09649490337255505,0.0686983454584865,0.003699062257426967,567
PRISM19Q4_independent,0,1,fixed_fusion,0.6322221113866554,0.09640238868269105,0.0685410170538295,0.003699062257426967,567
PRISM19Q4_independent,0,2,imputer_only,0.6843637191591363,0.09287346843025657,0.06496925067564624,0.01188989304822241,566
PRISM19Q4_independent,0,2,ridge_only,0.6840417051979745,0.09293007591961572,0.0651095218877489,0.01188989304822241,566
PRISM19Q4_independent,0,2,fixed_fusion,0.6859310913544132,0.0927007828405419,0.06488251875651599,0.01188989304822241,566
PRISM19Q4_independent,0,3,imputer_only,0.6351144293033654,0.10608672461042618,0.07367345185246148,0.02431487299949457,566
PRISM19Q4_independent,0,3,ridge_only,0.6150155511477097,0.10820039189335512,0.07551310519447596,0.02431487299949457,566
PRISM19Q4_independent,0,3,fixed_fusion,0.6311697809203849,0.10643364336924385,0.07391257557767861,0.02431487299949457,566
PRISM19Q4_independent,0,4,imputer_only,0.7669479403837558,0.11805846111639239,0.08334264048628588,0.06087840667040525,566
PRISM19Q4_independent,0,4,ridge_only,0.7283356635025491,0.1289270242259435,0.09291391990841909,0.06087840667040525,566
PRISM19Q4_independent,0,4,fixed_fusion,0.7704536868826747,0.11871626671343097,0.0837333047031935,0.06087840667040525,566
PRISM19Q4_independent,1,1,imputer_only,0.6259007276584869,0.09656574168432115,0.0685665247932313,0.003754776726744583,567
PRISM19Q4_independent,1,1,ridge_only,0.6254370671495985,0.09660513439315963,0.06876943866201599,0.003754776726744583,567
PRISM19Q4_independent,1,1,fixed_fusion,0.6258854470792897,0.0965612664760882,0.06865307010670818,0.003754776726744583,567
PRISM19Q4_independent,1,2,imputer_only,0.692988174257877,0.09325831883577171,0.06505302058091854,0.011959505270732165,566
PRISM19Q4_independent,1,2,ridge_only,0.6934384629700744,0.09323627144157459,0.06535440788673427,0.011959505270732165,566
PRISM19Q4_independent,1,2,fixed_fusion,0.6949231591925976,0.09304451250912138,0.06504466740065666,0.011959505270732165,566
PRISM19Q4_independent,1,3,imputer_only,0.6298638359128539,0.10525366756877066,0.07309359838600293,0.02439054162257973,566
PRISM19Q4_independent,1,3,ridge_only,0.6085859203465696,0.10742612789021139,0.07491429429172206,0.02439054162257973,566
PRISM19Q4_independent,1,3,fixed_fusion,0.6254968905554406,0.10562098433437951,0.07334230003003096,0.02439054162257973,566
PRISM19Q4_independent,1,4,imputer_only,0.7672629937446707,0.11831382417572925,0.08368505147868248,0.060885321335741996,566
PRISM19Q4_independent,1,4,ridge_only,0.7287528657769088,0.12916124062958062,0.0930853110636081,0.060885321335741996,566
PRISM19Q4_independent,1,4,fixed_fusion,0.7705618315110261,0.11896513652669587,0.08398799798303273,0.060885321335741996,566
PRISM19Q4_independent,2,1,imputer_only,0.6327248084174951,0.09703963567770012,0.06869548601237975,0.003678846191056401,567
PRISM19Q4_independent,2,1,ridge_only,0.6330522193570349,0.09699776029676994,0.06878318830772683,0.003678846191056401,567
PRISM19Q4_independent,2,1,fixed_fusion,0.6330949371612974,0.09699543499361886,0.06872924253002886,0.003678846191056401,567
PRISM19Q4_independent,2,2,imputer_only,0.692316122636654,0.09065905055062902,0.06406611951838112,0.0119334382429561,566
PRISM19Q4_independent,2,2,ridge_only,0.6912373232605928,0.09083151611328164,0.06439054138668855,0.0119334382429561,566
PRISM19Q4_independent,2,2,fixed_fusion,0.6935320271531251,0.09053821239098617,0.0640707637311713,0.0119334382429561,566
PRISM19Q4_independent,2,3,imputer_only,0.6304279225385956,0.10702936082267075,0.07392123331029508,0.02435276902185312,566
PRISM19Q4_independent,2,3,ridge_only,0.6102519770913223,0.1091446525771136,0.07585062355119011,0.02435276902185312,566
PRISM19Q4_independent,2,3,fixed_fusion,0.6264861016254611,0.10738233363413385,0.07418389897464442,0.02435276902185312,566
PRISM19Q4_independent,2,4,imputer_only,0.7666151047186012,0.11831590006244055,0.08369544459105381,0.060877964900997415,566
PRISM19Q4_independent,2,4,ridge_only,0.7269603288672855,0.1292685101033886,0.09305324808236988,0.060877964900997415,566
PRISM19Q4_independent,2,4,fixed_fusion,0.7695650167227758,0.11901994213775684,0.08402032360381878,0.060877964900997415,566
PRISM19Q4_independent,3,1,imputer_only,0.627270167044382,0.09700491485882932,0.06868339962008979,0.003711542124470706,567
PRISM19Q4_independent,3,1,ridge_only,0.6268404007206541,0.09703836755527619,0.06881253544825935,0.003711542124470706,567
PRISM19Q4_independent,3,1,fixed_fusion,0.6272638500120403,0.09699817971981764,0.06873876918140122,0.003711542124470706,567
PRISM19Q4_independent,3,2,imputer_only,0.6899524507910374,0.0917569690072971,0.06460643667635564,0.011904416783538386,566
PRISM19Q4_independent,3,2,ridge_only,0.6892691644619028,0.09185887929929,0.06490258056367665,0.011904416783538386,566
PRISM19Q4_independent,3,2,fixed_fusion,0.6913453018212007,0.09160390332096373,0.06458311546396452,0.011904416783538386,566
PRISM19Q4_independent,3,3,imputer_only,0.6305522578228838,0.10618742564951111,0.07348186272614415,0.024334692807585108,566
PRISM19Q4_independent,3,3,ridge_only,0.608003784016619,0.10854762839597015,0.07575002196820801,0.024334692807585108,566
PRISM19Q4_independent,3,3,fixed_fusion,0.6255196885562331,0.10665977107741659,0.07395101204356541,0.024334692807585108,566
PRISM19Q4_independent,3,4,imputer_only,0.7677932270899879,0.11828054229737209,0.0836163919300578,0.06093635433764845,566
PRISM19Q4_independent,3,4,ridge_only,0.730111063044162,0.12903042493136924,0.09269801440382172,0.06093635433764845,566
PRISM19Q4_independent,3,4,fixed_fusion,0.7714840559158848,0.11886982313701885,0.0837642142397776,0.06093635433764845,566
PRISM19Q4_independent,4,1,imputer_only,0.632433159850627,0.09777124155917412,0.06926829789681409,0.003693274614882427,567
PRISM19Q4_independent,4,1,ridge_only,0.6321041824001683,0.0977944019583591,0.06955786535559087,0.003693274614882427,567
PRISM19Q4_independent,4,1,fixed_fusion,0.6324764630659993,0.09775950027696931,0.06940276587030454,0.003693274614882427,567
PRISM19Q4_independent,4,2,imputer_only,0.687846416721495,0.09197756366926792,0.06425777383069689,0.011960534977828657,566
PRISM19Q4_independent,4,2,ridge_only,0.68635279699213,0.09216647676274384,0.06452409001626733,0.011960534977828657,566
PRISM19Q4_independent,4,2,fixed_fusion,0.6888554279696669,0.09186715732988433,0.06423095195116509,0.011960534977828657,566
PRISM19Q4_independent,4,3,imputer_only,0.6333639065539223,0.10563016149153234,0.07359002820173338,0.024337638393307742,566
PRISM19Q4_independent,4,3,ridge_only,0.6137918547810107,0.10767115756884897,0.0752621335191356,0.024337638393307742,566
PRISM19Q4_independent,4,3,fixed_fusion,0.629756349924558,0.10593617032655303,0.07374787067356042,0.024337638393307742,566
PRISM19Q4_independent,4,4,imputer_only,0.7669411157698257,0.11796818615648036,0.08323950902312047,0.06088007502126188,566
PRISM19Q4_independent,4,4,ridge_only,0.7262203399064673,0.1290585599528139,0.09288281060149729,0.06088007502126188,566
PRISM19Q4_independent,4,4,fixed_fusion,0.7694707921488227,0.11873375389432948,0.08367848770146656,0.06088007502126188,566
PRISM19Q4_independent,5,1,imputer_only,0.6376584878418341,0.09471986460675222,0.06786870725150672,0.0036726819985337567,567
PRISM19Q4_independent,5,1,ridge_only,0.6364701440550375,0.09483207920123271,0.06817439119651834,0.0036726819985337567,567
PRISM19Q4_independent,5,1,fixed_fusion,0.637271694248915,0.09475247927163062,0.06800526601296884,0.0036726819985337567,567
PRISM19Q4_independent,5,2,imputer_only,0.6736177489386751,0.09601515521641632,0.06586474159159846,0.011885783802915377,566
PRISM19Q4_independent,5,2,ridge_only,0.6729524900006012,0.09608595760067626,0.0659953051447447,0.011885783802915377,566
PRISM19Q4_independent,5,2,fixed_fusion,0.6749726395221233,0.09585604414378197,0.06577963437292686,0.011885783802915377,566
PRISM19Q4_independent,5,3,imputer_only,0.6445125666234863,0.10444970074572542,0.07327990544558415,0.024329165371904948,566
PRISM19Q4_independent,5,3,ridge_only,0.6231982542779237,0.1067921103951232,0.07533196141357557,0.024329165371904948,566
PRISM19Q4_independent,5,3,fixed_fusion,0.640148663662301,0.1049018867479818,0.073661492275265,0.024329165371904948,566
PRISM19Q4_independent,5,4,imputer_only,0.7650524301769404,0.1183182452186916,0.0834011291762544,0.060835521339106476,566
PRISM19Q4_independent,5,4,ridge_only,0.7255045682829839,0.1290197195398209,0.09260895242750013,0.060835521339106476,566
PRISM19Q4_independent,5,4,fixed_fusion,0.7679269196912831,0.1188944810506837,0.083593287916571,0.060835521339106476,566
PRISM19Q4_independent,6,1,imputer_only,0.622676961310863,0.09893429865804507,0.06984273224701117,0.003680081489435159,567
PRISM19Q4_independent,6,1,ridge_only,0.6223317231693121,0.09895972091476032,0.07006164244663568,0.003680081489435159,567
PRISM19Q4_independent,6,1,fixed_fusion,0.6227060662937132,0.09892428378266292,0.06993516811828344,0.003680081489435159,567
PRISM19Q4_independent,6,2,imputer_only,0.6955614345470297,0.09106294554256096,0.06417371064108589,0.011972785733192633,566
PRISM19Q4_independent,6,2,ridge_only,0.6945502389905083,0.09119295414546948,0.06431418520401729,0.011972785733192633,566
PRISM19Q4_independent,6,2,fixed_fusion,0.696842418495267,0.09092002505123224,0.06410266906549568,0.011972785733192633,566
PRISM19Q4_independent,6,3,imputer_only,0.6436616762670272,0.10453962818591524,0.07237192619815733,0.024338326795362332,566
PRISM19Q4_independent,6,3,ridge_only,0.6254188222916282,0.10650036642282992,0.0742279414363969,0.024338326795362332,566
PRISM19Q4_independent,6,3,fixed_fusion,0.6406366386095828,0.1047976520819957,0.07257597353770118,0.024338326795362332,566
PRISM19Q4_independent,6,4,imputer_only,0.7629345096344683,0.1187357200957321,0.08402206403838451,0.06091623550590272,566
PRISM19Q4_independent,6,4,ridge_only,0.7214454049843824,0.1297609177370787,0.09345447464250423,0.06091623550590272,566
PRISM19Q4_independent,6,4,fixed_fusion,0.765166010476327,0.1194936786658932,0.08436170688998151,0.06091623550590272,566
PRISM19Q4_independent,7,1,imputer_only,0.6223142481452664,0.09714926977588702,0.06876750345583316,0.003680258095790049,567
PRISM19Q4_independent,7,1,ridge_only,0.6210615348378261,0.09725980558361606,0.06906710993465713,0.003680258095790049,567
PRISM19Q4_independent,7,1,fixed_fusion,0.6218953016799481,0.09718122810826582,0.06890071058609709,0.003680258095790049,567
PRISM19Q4_independent,7,2,imputer_only,0.6931271381118462,0.09398540001071014,0.06535258446902352,0.011941339860114107,566
PRISM19Q4_independent,7,2,ridge_only,0.6910626502077001,0.09423668663458135,0.06569223700900802,0.011941339860114107,566
PRISM19Q4_independent,7,2,fixed_fusion,0.6938303594175728,0.09391085622087975,0.0653817110263838,0.011941339860114107,566
PRISM19Q4_independent,7,3,imputer_only,0.6286449639394648,0.104390068691801,0.0729535354742313,0.024307927373441285,566
PRISM19Q4_independent,7,3,ridge_only,0.6095198155118897,0.1062789435788133,0.07451861959885371,0.024307927373441285,566
PRISM19Q4_independent,7,3,fixed_fusion,0.6252354993989905,0.10461255249919559,0.07304808887070564,0.024307927373441285,566
PRISM19Q4_independent,7,4,imputer_only,0.7686005608831233,0.1180557117561617,0.08329664223396314,0.06090285215697946,566
PRISM19Q4_independent,7,4,ridge_only,0.7298918198091887,0.12906249028055836,0.09286991388342827,0.06090285215697946,566
PRISM19Q4_independent,7,4,fixed_fusion,0.7719415711470867,0.11877474324986044,0.08369196888204176,0.06090285215697946,566
PRISM19Q4_independent,8,1,imputer_only,0.6240306355755376,0.09778539134360222,0.06931378790941188,0.0036775943883932878,567
PRISM19Q4_independent,8,1,ridge_only,0.6238110730944432,0.097799970723001,0.06950816023286688,0.0036775943883932878,567
PRISM19Q4_independent,8,1,fixed_fusion,0.6241269165767757,0.09776960571764054,0.06939793663260377,0.0036775943883932878,567
PRISM19Q4_independent,8,2,imputer_only,0.6927653510961551,0.0923237443086851,0.06434812341477761,0.011919615230796194,566
PRISM19Q4_independent,8,2,ridge_only,0.6936291836901424,0.09224733674643772,0.06440023840948045,0.011919615230796194,566
PRISM19Q4_independent,8,2,fixed_fusion,0.694938532337328,0.09208206748713244,0.06421223303875738,0.011919615230796194,566
PRISM19Q4_independent,8,3,imputer_only,0.6393005059939875,0.1038051832795696,0.07240510007939154,0.02436019843542955,566
PRISM19Q4_independent,8,3,ridge_only,0.6204382346313606,0.10574375847637105,0.07410919560981724,0.02436019843542955,566
PRISM19Q4_independent,8,3,fixed_fusion,0.6360378721986482,0.10404523072104116,0.07257763762356115,0.02436019843542955,566
PRISM19Q4_independent,8,4,imputer_only,0.7637056251962114,0.11932498278068397,0.08431129742005689,0.06093472995311548,566
PRISM19Q4_independent,8,4,ridge_only,0.7223866390407102,0.130501908772364,0.09407395077046574,0.06093472995311548,566
PRISM19Q4_independent,8,4,fixed_fusion,0.7660249760455061,0.12018263631585328,0.08482458855785667,0.06093472995311548,566
PRISM19Q4_independent,9,1,imputer_only,0.6320661557232751,0.09716712234201834,0.06880341856567948,0.0036693327851606635,567
PRISM19Q4_independent,9,1,ridge_only,0.6311125849403203,0.09725922670813324,0.06908220641406966,0.0036693327851606635,567
PRISM19Q4_independent,9,1,fixed_fusion,0.6317959151180351,0.09719019640062004,0.06893033987630612,0.0036693327851606635,567
PRISM19Q4_independent,9,2,imputer_only,0.6833707863983383,0.09218393932086576,0.06418454352200242,0.011926414793877214,566
PRISM19Q4_independent,9,2,ridge_only,0.6840908854430279,0.09211081434579613,0.06436232427404963,0.011926414793877214,566
PRISM19Q4_independent,9,2,fixed_fusion,0.6854835609249179,0.0919436303781589,0.06411716721083166,0.011926414793877214,566
PRISM19Q4_independent,9,3,imputer_only,0.6439355368330194,0.10584318266603064,0.07411961041575185,0.02438505883772887,566
PRISM19Q4_independent,9,3,ridge_only,0.6238293663214215,0.10803944710582516,0.076053498279922,0.02438505883772887,566
PRISM19Q4_independent,9,3,fixed_fusion,0.6399314991725209,0.10622720002640201,0.0744128169314179,0.02438505883772887,566
PRISM19Q4_independent,9,4,imputer_only,0.7647247442685589,0.11814032007409125,0.08327358392439124,0.060931040467727314,566
PRISM19Q4_independent,9,4,ridge_only,0.7240593026540513,0.12905577811096197,0.09267048832595137,0.060931040467727314,566
PRISM19Q4_independent,9,4,fixed_fusion,0.767467636310087,0.11881539308236466,0.08358787400351818,0.060931040467727314,566
