dataset,seed,fold,n_test,fold_mask_sha256
CCLE,0,1,1136,7d75fa59a90905afd8ab5a6d0b329ea82cd6b2e307166aafecb5273887de36bc
CCLE,0,2,1136,dd73bc7cbdb51b5aa57748472ba7d32a87f77bc52a20019f1bf4422cb408ab6e
CCLE,0,3,1136,785c6ad919cc72742283e000936073d2faa52ba0b6313894e3023bff92567b48
CCLE,0,4,1136,0a05ca2c999b34e17d245631332f6148e5670a346e486401c5f9e4acde74b8e0
CCLE,0,5,1136,22e7393008c049ce36d57b5fb891df08abb82187ae6094366d4a8cc8a32cfa44
CCLE,0,6,1136,30a66ad088801f9fe8e03f124b5e54f0ab86570980550810b1c2e291a2a2ba04
CCLE,0,7,1136,1d9a753b66fb8346c277419a36d8cb1702ad2ecaab5d0e0fc7f8b9bcbfda22de
CCLE,0,8,1136,f0099a7872c93b45d4992c1483408ebf99836e604e5055af4b582aebed7e6fb7
CCLE,0,9,1136,fc34a7b7a3d996d19790cd6924b6090f0e896cd0f976df7b02e9b4c9d34629c7
CCLE,0,10,1136,166465d5f16e59beaf2a4b62880dcd96036a57234b1faa2a1d311b4930897f16
CCLE,1,1,1136,bd683ea226fcee5dd0fbdffe320fbaddd60f07f8f5f4969d3cb825155a34593b
CCLE,1,2,1136,ea211027841e18cba669185a9700e0662591aebdc0107463364703e5d78631a8
CCLE,1,3,1136,b632eecf06a6927c28bef448f7171ea68bfcd662ad82e946e65e81ba5d3ec501
CCLE,1,4,1136,7c3bbf0153a8f445857bacf3252e15c1de1c13fb9e68f706a72eb88d83e96c6d
CCLE,1,5,1136,5a2512aa9094c039b3178c46aba88c63434c5c9ebe9adbfb86e21dfe3309c731
CCLE,1,6,1136,f6efe11b5989a80e64ced0931cc590d1cc0d9525bd7a133f56920a824349bcc0
CCLE,1,7,1136,c03e7ac2f7d0bd7efbb2d58e1ee8e911651cdc8845ceb35d3ca218b21da6fee7
CCLE,1,8,1136,5a0626ea448e48e2e13027d79365dfd7a501f20aa4ab4851c72e2a26dbd6508f
CCLE,1,9,1136,3facb75be55535500504a52af3c7ca68a98bda75a92ccc7a7e40256e7dedd1f0
CCLE,1,10,1136,d7e52b37505744b46762819ede2f3c16f66ddc7934b3bf276dfec80c7aa896dc
CCLE,2,1,1136,99e3b1bf26931973dda78305ebf8b90624fd14a158eff4b10795fc7177b72e7b
CCLE,2,2,1136,106eac50938a3d5eae47b0debc6e64c07a5257e8f19b4fb0052663e3713891b7
CCLE,2,3,1136,3aa45675ce7a2fa178ce9d3982e6ccf23272e1e516fc177a1effc32d6ac1aae4
CCLE,2,4,1136,9e7b3d900b4b7a7000912b65811965f5129a0022329553320f892b33ef9fc7f5
CCLE,2,5,1136,ed56069405d1ac7f11dc1b6f0d8abec3c2747a1a0889bc9178e6b12974a56c5f
CCLE,2,6,1136,c05419a2dd72afa7fa62960d83e66ce45cf1909ccde3c849bfd71d62a7ae9178
CCLE,2,7,1136,8aeddf88be4a13a4b55eeca6e20cfe6c61887ef3171936c7c20abfe3320182ef
CCLE,2,8,1136,fa986bd1438bbe5368d16a47a1bb6f93e989ba481ae5901f3795df28a496e4d6
CCLE,2,9,1136,567cc198d2709586bd9f91ac082cec4370ac376eb242da69156d7c8aff6259b0
CCLE,2,10,1136,99ab0463d3b10c0b7cebbecbd12f10798b7b3dee0177fa05b5a1164096fd98db
CCLE,3,1,1136,55fd2d808a39dee56bce5bbe192ba6ac81d53d6414418ec59f15e9804cd8babf
CCLE,3,2,1136,b8533d66d82e0226e6ead2f89f138ddda8ce905ed249a1338c94eb3345ffc435
CCLE,3,3,1136,89ad51b218e831671d37e084016c6d5364150025617e909e9c73fce70e5d331a
CCLE,3,4,1136,f38c121aefc59e660b70aace71228a1b30529a7020f79bbe977ee757b6f6f704
CCLE,3,5,1136,ea03269e304f77c02391e8e3221f5631a55968b2b022447aa9bf1379a65597be
CCLE,3,6,1136,95a39a0cb08a68d4328dfe172c82b9de97867696bc19e0dbc7c04745ee99dd45
CCLE,3,7,1136,d36dc7c52fbea0fa70ec0cbceb9cb693846633c15b4c29f888705ad3303f88e5
CCLE,3,8,1136,cec582b939f039f1683d06e91a3dbdb17306714e63bc969555df8cf3911a0913
CCLE,3,9,1136,5a67aa62c8e9763740291153237a6937ec1fb24016e2059da61c5f85f729a770
CCLE,3,10,1136,5d597e414352042f4c2920e4633bb5104531956c35dc7b1bbaaf77eb9a326d4f
CCLE,4,1,1136,0f0c92d52359b2c6475c4003ac0a2eeb82546611e49d7452b48ba85b25808687
CCLE,4,2,1136,4486409c332978812408b478a1d8ffb519d0e04900d599d62d6210697b1f7b0d
CCLE,4,3,1136,5da05d5a8d6e3436050de05e70218e9781c22ee2c8c38e83bbc3764f75c10f9c
CCLE,4,4,1136,82008c1b5c79ecb3cb5b3379c8d14c5ea7e797361eace75089a7fa644c47b284
CCLE,4,5,1136,8ae627be27a04175705660320f8e1de37e0f29e3ca7a21cc07bef7d5f43fb6b1
CCLE,4,6,1136,13c041aaf2ca9dac5a0061c552dfc58b4cc8a3e03968c576e5552a1f2b6f8796
CCLE,4,7,1136,07ba14e633c853ead238f97dfc6aa5f3ef5d7ae9250f4617f8788bebba1fbac9
CCLE,4,8,1136,4d0118b0f6b81c995d843ff8b65369890d7eb7e347f7f855e1d726fcf5bdc89e
CCLE,4,9,1136,94cf62052c6cf626599fc9f2863e9dc73ca1211e340e5f4ee0b3a6bfbf027f56
CCLE,4,10,1136,a1c9fbc4347107f39ae2507b8aba1ed136d8ec86dbdc3791e0bef40a80c4c86f
CCLE,5,1,1136,427d4988e7d39750f07659759076c068100ca6a49bcd3cf3737a2ed0e79f77aa
CCLE,5,2,1136,273205dac69e6bfbc021caea8b6e4275be487ab1702a2241242145139a11e5c7
CCLE,5,3,1136,5995ae1faffca3c0bfc800658a3efae7a11e758de73d9300bc199abd78901023
CCLE,5,4,1136,9d8d7e902dc0e415fae91c982e24dcf01b1088ed2926c5c6da704fc6366e6045
CCLE,5,5,1136,5cf4abcfc0d04ddcb7034ceceae7f4bf064e16263cab1a6096988e9ff82eeed6
CCLE,5,6,1136,79bd4bc035e299efff707b37432544584307f773fe8a19468df2c0a8079acc05
CCLE,5,7,1136,509b9222a5a9ab1813b9a13cbd7c5f78cc3ffddfb0e5cf493598e14212dbff87
CCLE,5,8,1136,d841676d1dd2426cca33e2714753e15b6492304b8df86bbe26e634ccb3bed08c
CCLE,5,9,1136,84a736c84eda19b0bcc99d9fafb636242bc6a7f0479d062e001af2efbeacb03d
CCLE,5,10,1136,c8684d4df0892c2a22ab0fe77ccf654ba897c13ca246dd951cca433fee8a578c
CCLE,6,1,1136,29749cbcf29989608b86db44287e54563c714058b0303d9e186f616f7b16166e
CCLE,6,2,1136,52756b1718ffc8661be029b993bc7ce16b08759bc68a9026ae1a0570f6c4b365
CCLE,6,3,1136,5c15a1b01877f55f55dd4e464d64a760f3fccf57876b8b08779d9a4db243d26e
CCLE,6,4,1136,436d6155c21df316798003210039238b3e94e28ca272ed4a8fc660ed601e99b2
CCLE,6,5,1136,392bde3984cc983ccc678eb13075e187a857fb9a91c1b16850d80e128cff3ca7
CCLE,6,6,1136,376a8f1ac05c7464e396a8dd27f2490d262a4190995e3af6c3841cbabf589d75
CCLE,6,7,1136,08c098b0ef767675b366b07baef3aa7de3e787bc9505abf7b67688c1ef42dd0a
CCLE,6,8,1136,208bf46f64f9757691b8dcab015b8f7411f898d4ee32016de36ee34325dd7f78
CCLE,6,9,1136,5003724980282319cc28e56598c8c74d6172b908753fd5e1c4b1438c50bb1c67
CCLE,6,10,1136,f8fde197945bac50e57897a763246bc029b253f6080f4b4ed83a6c7ca68e9130
CCLE,7,1,1136,b95c3e1abc62798e3a9d0d5ebabf101c1087561b362126ea2548cd48ae111272
CCLE,7,2,1136,d2fbb4ff92517f29ab4e4e507a4f0a243e2b0951a2f723877f28dc821ce8abd2
CCLE,7,3,1136,ccdb7df60890da996fdafaa596f31e8a19f14e7f88df2e8ec137ecea0ab379ab
CCLE,7,4,1136,c45c5d0a871eb1aab6ef2e5e7e72ffd61c00179b66afe6c4bfda27619909bb98
CCLE,7,5,1136,b4bcffd62f30c7cf60035c261c1df0f7984b206125e970566d03e2e0e5feba61
CCLE,7,6,1136,d58dbf7716fbe93ea7630aa6282e8184ff9e94c3dce722f9f18dc86f531d1488
CCLE,7,7,1136,4c2f3b176a6599d4d4c495e1e18bc8ba8791e48fca5d64493d781bc8af9613e4
CCLE,7,8,1136,1efd1792771ffc2343faec66955afefe9061d93cf4e0c4d1d9df9dfdc1de8895
CCLE,7,9,1136,5bfeb98d85581081a1d208bad8e99fcdce7ade8eb32a5ce2f15f9ff10d3b38a9
CCLE,7,10,1136,a0f72dc05a3065de700b4472e323b363ce0727bfeb5a7cbc5966850f2a8cb1a6
CCLE,8,1,1136,74e3e4e39fdaca3065864c26fdda4a03a91492003967fc27eba43f5e36508c0e
CCLE,8,2,1136,77c2b6b04ce4774f2ab84c7477d2be01f5cccab59e58702390944c3fcdcfa16b
CCLE,8,3,1136,25896361079dbf84eb5c2e7feb947f430b9dac97d582495cae9afe182ce9e1ca
CCLE,8,4,1136,4327c9cac1d0ac8fc2817847914812ca40ddd72e3336dc708eeb5016a4983afe
CCLE,8,5,1136,4a866363b9169398d7e617c5854425b89b60259b6d16d037b912d24b8008eb6c
CCLE,8,6,1136,eace24607c88fd0172c06f33257bf825ddb7a4093052111bcf116d1a3c4b42bd
CCLE,8,7,1136,452f99b6bd92666743cc23a8af7835d47bfd8c334e60716327b1ac05d19e4284
CCLE,8,8,1136,6c152d55118e949a9d46b67435a3ca4aa454a1eea1156b3cb675fe57cac94581
CCLE,8,9,1136,085a95448f81e83d4200eba057ef51294420afdfa0168537c5fb7d88d042b21b
CCLE,8,10,1136,1dc9d5fa762e80a2a6fcd488b0420e496a613facc779bd9c78af32728ed03e39
CCLE,9,1,1136,9bcfc9d86d35ceb21136256f73cb2702dc834dcdd1c29da419212bddd7092852
CCLE,9,2,1136,00a24d865e12c523e71b343a60e7381011d2b5acf910735e0acf233097f5d8d5
CCLE,9,3,1136,5fc5865eac64ce47c1ba844d31dac7d8d95b10a60d32eb6b0c8e920b5d08d0f5
CCLE,9,4,1136,75e96a1e0a638e77736a24e7ab7c25f0de9c5777f50cc5fe1a9456da37a70c43
CCLE,9,5,1136,aea7c27bf745733242393ca3e47ee9e77477030f8e7e18f3eb40a9c49ccaeaff
CCLE,9,6,1136,6b1a2ab953e2ba29ffe5e9bfb8678fdb6b9858293ad97fdacb0afb7fd95f62c6
CCLE,9,7,1136,cc88630eb79915c26448e984154a252aa35ccc8862cb92a5c42ea9d779ebb9db
CCLE,9,8,1136,755d75c4505a7cc7c0ae5a4417e68692b7245a6f13d6604ad276e902aee6ef73
CCLE,9,9,1136,a192ae10127071be73f12d3b56df71826d471e070cadcd498646ee6777407d4d
CCLE,9,10,1136,1f99076c310ec2db1bdf5ce7b10aa9c213cf43e47bd16c27f8caa8b4e84204ee
ERKAUC30,0,1,1454,5b383053e4853cdd36943164199427dc41509ec53dd62292779d8b8c7d4df59a
ERKAUC30,0,2,1454,a77a141fba3670d1ec71d94d5e845a8f8737e60bdbecc537974558a084b5a50e
ERKAUC30,0,3,1454,797fc0a51d6cc7fc3aa1a14de2ae1b5ce92cc17e0f8fbf3a12741d9827a33b8b
ERKAUC30,0,4,1454,cad47af3f8603a54523f622d1ac16082464dc5f26bdbc81fe4ee89a9118814e2
ERKAUC30,0,5,1454,9d6f621f6643281f6621ef7293e6ca3c955caa18bff690b086aa1b72209d8206
ERKAUC30,0,6,1454,c24154dbdc1c9325d8e5cf686f0805e9f89a7f43d422c2399611b31a0ce0887b
ERKAUC30,0,7,1454,28509a4c437315b31efa064f85d4520b59b04946411d17419c086b093015401b
ERKAUC30,0,8,1454,5d8148958afc8721187a00851743b03863e2138f63452c911d66b8ea31dbcd3f
ERKAUC30,0,9,1453,c4e55d2af48c1697d3b306c9683d13dfe778e9cc7d0bd18a07c87d57d7490001
ERKAUC30,0,10,1453,498fc50df7df1330ae3e5d43d08288ce1b6b96b13f6ed87ebdba1533e9162678
ERKAUC30,1,1,1454,8ece4c43ddf4dc55de3f1958a1dd4112687fac2e2bfb05ef5907620aeeafd3e1
ERKAUC30,1,2,1454,2edf5602f374db2ebf7e34a6a339a2f553f0065dd97b901cb6a1faa2bea2638e
ERKAUC30,1,3,1454,7700b35b1a337f58929ada536780d6d86986367dd4bf2050288d9c9586aaa15f
ERKAUC30,1,4,1454,cd1b53c2bc49ed79fd092860bbb4423b5c3b1f40eb698ebf596859b2c65cc053
ERKAUC30,1,5,1454,8a53e349ea19fd31c04b8d1619b77fec53f12ceb0232969274f43d0dee9474e1
ERKAUC30,1,6,1454,5b68831b2eb55198632bbc2cedd8bd33d105da856f7bdd138a7d9535345df741
ERKAUC30,1,7,1454,1fe88e7dd9fc3c251025760c53a768cb0bee773179da92cbaf532e65ed56e9a4
ERKAUC30,1,8,1454,85df5c29753b7bdca1b35967b30fc7fc9b5642d9c445f78676cb61e9004e4e57
ERKAUC30,1,9,1453,5ad9014789f6c21909bc222cc09de1e81f6d078ed20d14403cedc01a7fd8344d
ERKAUC30,1,10,1453,4aa77ce6eff0ec0397d7b4dda137533878bf5ec864159ecac626ae6dfcb24c8b
ERKAUC30,2,1,1454,4dae10a566b0d0f22d4e6a7058b6750c0af50cd5abde5dcd8ec968c0810bb6d3
ERKAUC30,2,2,1454,83848e6de4f3b2c6e04849304e0f603f603dc658148cbe9a2111599d94208a52
ERKAUC30,2,3,1454,c8be37b8fb6c624ba84551d74f977befdee1d1e6e1b86661bdc93acbbfea52fd
ERKAUC30,2,4,1454,db99bdf728206fe254892db0b714bc1e5512ee5004ecca4fd5ffebba76ee4e5f
ERKAUC30,2,5,1454,48a6e5303c74cc52165b1d2cff365dc2c27c543d04a51d725ccfc113a4134d9c
ERKAUC30,2,6,1454,bc975e6ecaca873c9274e51f59ae92d306fa5d024abb0fb385738effcbba011d
ERKAUC30,2,7,1454,70b4559976e18c2e81cc223f99a7a41f5018749c024a2302e2300421e55c07c0
ERKAUC30,2,8,1454,83908f250ec27f951b8dab32048c99fcf1da7653ec91200bc539d30208ef5be1
ERKAUC30,2,9,1453,ac3ef455bd73808f066841349f15f2ce4789f7aaa8ba1bccfda3c3c0e5decf34
ERKAUC30,2,10,1453,0adc0675d07962d00f1640fdc7f4c92a57c4f20d78ed08c2a6ee2ed908f36e02
ERKAUC30,3,1,1454,f280a921d3ee58ce381ec230bd6b8e514ff3092a0e482e1143fda10f8e62d1e5
ERKAUC30,3,2,1454,8b33602c69c81fdfad9a53b797993236c038f60687d1fa513fa48beaf8f8a27e
ERKAUC30,3,3,1454,bb71014304a9e8f9ba255f6ad2ebaff92e732f9e6d2f3d3e781bd41d1da60937
ERKAUC30,3,4,1454,58dfb30f6d9a489e353f51e324a93be5039a79e50924906bce918bf18cd8bd3e
ERKAUC30,3,5,1454,2eed5750e506cac7bdd189a3e60af3c259dc0e85fe62d6b68a6e483dda0fa2d6
ERKAUC30,3,6,1454,60e5027ba5153e507a89d7b02ea413ef9f29d85daa4d6945e9bc5312032843f3
ERKAUC30,3,7,1454,5662984a01524e851c50c13af69db895bfe183127d2dc0f4446834bf9551818d
ERKAUC30,3,8,1454,fa31e9b905ae4576af050c346689f11466919b7c16dff300418bb4ef9d6e71bf
ERKAUC30,3,9,1453,2d255f179ff1f5574fa48a7cff9deaf7cfe11488ff09287b221f4c1be9c98e1a
ERKAUC30,3,10,1453,d5edefc0bf35789490ca5b7c637142efa6c2bdadcb967bf51e4d31c2661e9ba6
ERKAUC30,4,1,1454,4676a73d219248f14f9e26b8d6150e82fc8d9a714828753a5a21905999a0bfd7
ERKAUC30,4,2,1454,2be18a5b57521182877dc50cf2aa75c3bbfd883e02c0a06d7c31bb3176bf4ca5
ERKAUC30,4,3,1454,de7f0bc2d381ede788d4c56fcaad75405443b6052751434341bb93fdb3302d58
ERKAUC30,4,4,1454,c375b290ecc6d1d53fe50f533038fc2520ee08714243af7c2a948fddbb6d549b
ERKAUC30,4,5,1454,e37e74c7cda3a89639b124e1e8bea21c780831a4111887ee234993927a3708da
ERKAUC30,4,6,1454,48e53c880befb6ff9391ae5336ee4b80fec323b0078171dd32a8c5b6e94d5e2e
ERKAUC30,4,7,1454,538b6a94c704c98c04d4ffec92f09bcb69a054c630fd6541b8c165ade31aea31
ERKAUC30,4,8,1454,b8c18e88f8509fd63ded0e87ccb12176794d058baa15d0d68687bc2f87514a00
ERKAUC30,4,9,1453,1ec7d5521f0872b1a6df5ea4cc2a3ce8a7bdc240025089261ad102571612bd7f
ERKAUC30,4,10,1453,41ae1f4c3d48ec43f471c140898057444952f7fbe6accb8cf515a7e23c403171
ERKAUC30,5,1,1454,6ffcaa42ee763d83a9ed0987818a9d10f8873ad6d3350b9e2c7f01cfce66917c
ERKAUC30,5,2,1454,af48fb82b89f2839576f27952ceb81689c207f4aebbb1a6f09ca50368e6ce472
ERKAUC30,5,3,1454,213b41864dc7339645d193ad774e8ac0dd7b61819724d013fb5d4b616e16af4b
ERKAUC30,5,4,1454,448ff7f8403d7d19a7b285232a9b2eaf0d45bed18a1a6805f4ac450c7a7c93ed
ERKAUC30,5,5,1454,70b236c960a83f9e15f4717de1612899105de6d495e8023e7bb3d4169025fb73
ERKAUC30,5,6,1454,6470a8a82bd78f6d0718dbfcfd342623ff9c9125022555c33cd9c3f248abcb27
ERKAUC30,5,7,1454,a6cc7a436d5d904a7e1594af1001731655a2fd8d42c196204cf458221c9258ef
ERKAUC30,5,8,1454,dc00a4f9cc9204d4ecd04414ac2ea5b39c32b76b4dd1dfe0787334226f8dc3b7
ERKAUC30,5,9,1453,147944d24f6e4dfe88437a26adb830f03d2167fad85d8f4e137968b48c353cda
ERKAUC30,5,10,1453,d29d0b4554d01822ec2ce704facb3b0e37221cb48a6529c79ff6b31737d5cafd
ERKAUC30,6,1,1454,6e07937fe2407bb1100d0d85d2f880c7d7cd5c4f5131188b955eda57214331fe
ERKAUC30,6,2,1454,fd759d79e02c2954652d336d65ba1974acdd63de34f950d89f932f80f63cae9b
ERKAUC30,6,3,1454,3b1f6bf8d34ffe4c734af5561609a445a307248fa5c3e4d3a2e505126817d833
ERKAUC30,6,4,1454,f677c74c0187b23f88d12ab4a2eacbed1c565541788475994ba6148e1f631d08
ERKAUC30,6,5,1454,21c15a87a3cc3bea01832d6f2ad8f7fd12ed8b3e23fe9683ae46010d29ff6fc5
ERKAUC30,6,6,1454,5707a70711f3fe17964cc598d1af513f7f7ed523b5d1c87f305b5f19b2e44eff
ERKAUC30,6,7,1454,60022c6b6f93ecb4182246baa93c7c6794fd5333888dd121fb4f2d9dcbe14199
ERKAUC30,6,8,1454,b5e0fa9177a6ffa5f3c46c470229fb91361d83c0667a8d0d51e74cd0b94d7037
ERKAUC30,6,9,1453,1d2704573d91da7c42cbc8bd0bd59a7fb3844b05bd8f5391be0ab88103ca19a5
ERKAUC30,6,10,1453,98e04dc0f7fdb0f53dfc9b16300e5d8d507112593846d0b901370734dcc5d62c
ERKAUC30,7,1,1454,6a2f7fb466fb32a04646fec78eb4b97728bb158a11c3605565c33e00bc85b3bb
ERKAUC30,7,2,1454,d331689cdcca1c116864e1ffe438bffb859f8f7af9b7b52bb96ef8c70bfe1cd3
ERKAUC30,7,3,1454,94b0c7bc0d08bc63d1084ca20150a040af352dd8ff666f04b6d38f356da6b84a
ERKAUC30,7,4,1454,11a3eb9a77b521efd41958ed17d136d826705181e68d3f4f4c5dfb89f9de813a
ERKAUC30,7,5,1454,b9b5b01adf7a07578dcd1a3ba637c3eafa8719bc58b0db7a4e2547e6c0c0f5bd
ERKAUC30,7,6,1454,92b9d04e54c4ab5421db01a6ac6b95e6cac6597b9480e0afe747ce6c5f77c418
ERKAUC30,7,7,1454,9daefe255294db5e2ee9b1cbd0b299553ab7b7819b472bf53b304a9b8e8a1b4d
ERKAUC30,7,8,1454,e94709c9f0a412b01942574fe654d71ee5aa4a5b425f164a8167279ceebda2e1
ERKAUC30,7,9,1453,53520b22f935b30bc5630605823c3c9ea46a3839a8bc7eb0bbc9a1fe911ae709
ERKAUC30,7,10,1453,13df18aac11dda956e8518a756176626b4db6ad6c965a1e31e1cd113c3480799
ERKAUC30,8,1,1454,e82dca7cc35351508a81c878b8b3c01dca29288676d79d87a0727f0c943d1dbf
ERKAUC30,8,2,1454,76fde71b7d672041f4002c9a86b106d3cd89692987616318f9718c0ca9a0dcaf
ERKAUC30,8,3,1454,8482a7355ad5d0b43b5e099762f0b8e6bf94c30e6674dbb0e5cd2e6d85bf3a5f
ERKAUC30,8,4,1454,a084a382d1e7736eba2d92c1702f2e8ade6d66d7a2ae5de21d7c746927018f4c
ERKAUC30,8,5,1454,06e73bb6aadecdc8b5ccf71ffa419ac8a57d99d33af942778653a696e5876748
ERKAUC30,8,6,1454,bc35dd09970c88ab4bf57f470116c0d187a3b95f0ce47e1f70d4e86bd1a0bcfd
ERKAUC30,8,7,1454,39891dcdfa99025ae4d077498e2e3f8cb97e4488afa082665edc14677832d444
ERKAUC30,8,8,1454,0ab408d00281f64933efd6d8fdb04d6b79a7687817c43ba351fdecc22679d9b5
ERKAUC30,8,9,1453,39f8caeac916c21bb2b456d00369a5017d9dcdfe19e5238d102144f57d545c8f
ERKAUC30,8,10,1453,29343f5a6955aaf0225a0af170f971843ddeda4c1a4c490e0832cad067014d82
ERKAUC30,9,1,1454,2178928851d20b0e0d762dcb9e82a42925f0461df34f3c6993f9264732415564
ERKAUC30,9,2,1454,e28b2c70acaf1aa36f5a7ed271e4098bd4ebb251707090670f43e60be0745772
ERKAUC30,9,3,1454,43976f9f64d0ff4bee8cb7ded5060e9e19acc3d2ebfc147e24bd90633d2521f8
ERKAUC30,9,4,1454,b148dc99eff270bf97d09dbd3d855b2fb2ce7a074357137209e377a1a24a958c
ERKAUC30,9,5,1454,f571c82c34d3b52898a7723b810f908c244105c11615c65971b0e662bf52d108
ERKAUC30,9,6,1454,12b82a6623f1e198ee2a5de6fe528ed98f3a304b589bbf64eced7abdc657c5ca
ERKAUC30,9,7,1454,6c19e066bc731b16270abc0557111c81f5ef32ac7613cff05618d5ce5bfb7c5e
ERKAUC30,9,8,1454,3cc99b02c7bb414b8080b8bab5cdf9dd3cc7f8c980756a7abd2dc8c613502b0c
ERKAUC30,9,9,1453,b098f8652e5ff1c2cb985d97b4d0f28241fe33365116c3c58e4e71c8569c49fe
ERKAUC30,9,10,1453,fe7c4e09bbdf1cea082d2b14cd3ee75925960440448158f263cd10ab084b3ea5
ERKIC50,0,1,1545,06c5bd831e20890f4c1ccc8a7cc8022007af9455f4ae1825a828f437c7575b5a
ERKIC50,0,2,1545,f8c972f0db6db925fbb6835e54d93c55cb619108a6251b3fdc18adbf4e6ee19e
ERKIC50,0,3,1545,47883b25fada0839a518a4f81eee4c31b7f61e3228d153c4ed7d274498a47fbc
ERKIC50,0,4,1544,60cd7b3bf1bbd45a8ba837546a6d18ffc9aa25f6e00711c9a62a47698272b930
ERKIC50,0,5,1544,b9a2dc1d5e029e012ad14f8067bba69cbd3839e22f3f1e6a2c6410ed1abcbb5b
ERKIC50,0,6,1544,bb10a72e56756a6f333cce7c6e052b3049771df3390e8b5aa3e84cd6619d6196
ERKIC50,0,7,1544,45d9fad7afa7c3d32b3c2b1e9ff6dbccf85208e31a943587942fd74d699c92a8
ERKIC50,0,8,1544,2c7c987bc50f6c92d325b6a019c8a3dc3d82159ce9771675692092f23c98835e
ERKIC50,0,9,1544,65586aac0083c113d35c80c24735a272af4acdbd4dd421ad26f20a4decea6768
ERKIC50,0,10,1544,32124fa6c911e78d0ee58311625f5b342ba56f393e79feb2bca66a3084e5f97b
ERKIC50,1,1,1545,5bbefbfe60c162f9dd3695b623967e354f3aac82ec0386e6f50d6da86819fc19
ERKIC50,1,2,1545,54be8739abde1a45177bc62d55f565e6e7652232d00a0e842c96788e27c65222
ERKIC50,1,3,1545,73976a8bb3b7e0d4a14caa0946364f6aa93e41884b01557d885f79ed2d9c9d55
ERKIC50,1,4,1544,a56205f5da68a400be92ca0a1cc52d02eaf0a7d3bde4006cf055164fef677048
ERKIC50,1,5,1544,8d1e3e9f272a46200690098b5e237e16cc3d158f9300872bd3ac4a2c9d29c231
ERKIC50,1,6,1544,e870be9ad86c618246e2feb37881bdc0f9a5067c63855ddf8d6cfaa0f74e4737
ERKIC50,1,7,1544,3cfa01e2603270f7fd96f515249462e0c2f77879d47198a65749492336a418c2
ERKIC50,1,8,1544,5d77f2bfcc05269c72b49facdd6a83d9829bd7da5f9cbee0dab7cbafae876c3a
ERKIC50,1,9,1544,197ea6a7d85d7c7f034df0d3a1bef280fe8fd7b5b07c797b4092211be701875c
ERKIC50,1,10,1544,08d5b0b644f9d4e308e1dd62ca21f966ed9928df373422d3c5be2b5e5863daa0
ERKIC50,2,1,1545,b33d4a5a56ab7e87555ff37dce0cfc5b0f7527c1b99f857a226922d298cf1a99
ERKIC50,2,2,1545,568a44c0ee1a1dbc7dca2123d17eda463919c49c8f0f623f1d269941ae6a9e5d
ERKIC50,2,3,1545,93fb4b6c3bd44a052abba6258c4a5a66e0514b97adcf81d26408c9630805c556
ERKIC50,2,4,1544,f7cc552520c93467d397d9816f16d7ecd97f95ff590ca42573dbb1411e709e15
ERKIC50,2,5,1544,90b7cef77870d8aa1ae4fc412a5c3f75bf524b1d25049a3d48bf3a2325270976
ERKIC50,2,6,1544,57ce2dd24231481ead6bb2ce85ca0821349486a2ac102468c3fd0755cfa98a11
ERKIC50,2,7,1544,8c66f29c1647d43c0784424a69464defc4bafa769421ba8d7ed51e2b7c9f2a10
ERKIC50,2,8,1544,a7ff843b1b3f1c8f73dfb4b1b51813259f88d05a8eb31096350eabc25a12f465
ERKIC50,2,9,1544,4e01cb9b0480fadd389289272ab6651e2ce3f0f0f6bb5dc6d693ef2763115dc0
ERKIC50,2,10,1544,5022c447cfaea6d8089ca3964c4f87e99a70737020752488c5ab6aa4cea03bb3
ERKIC50,3,1,1545,ef14c103f9003b28b550373a76dd588c86cffefc378588aa218ee8964e2f01a8
ERKIC50,3,2,1545,a50c94e88601bf0dede41ddeab99fa71a41ea0215b75781b09a401eb648d9943
ERKIC50,3,3,1545,7e0bf1bd2ca901e2d6f6801f647ffb4a0ac28099793f99da4f26db9b499faba4
ERKIC50,3,4,1544,e5bcc4dfa759c90af3b53758a274ac7b3f13c431d5a5d53106135c883b02cb00
ERKIC50,3,5,1544,5aa8618fd972af63ae5781f792567df64240ef67dda2d6059bba1c3e20209905
ERKIC50,3,6,1544,e7de749ff16eaf437db058858bc236ed9736d96b7ba0b834ac76d00700ad6fc8
ERKIC50,3,7,1544,21cfc8c5e89c38ab3236e7ed1bfe0bb2e091e9f45b86a7f15598bb51a1ff4b80
ERKIC50,3,8,1544,c1c7095ea5a2e8fcfba4e91de91fbe41d8650ac88dde3aa4872cd4f9a8f2d453
ERKIC50,3,9,1544,7e5aceb74231c886545baabe286d7e98dce4158a7661604548b02234fd75a7c3
ERKIC50,3,10,1544,9cb4070b82c4dd24e8048d1ebc2d18cd02e8e110dd32f4533a5b0d355685ee66
ERKIC50,4,1,1545,8d7c391325e48d2fbadf9e1fcd4244cc1bfb610367edb828dbabce0d62145893
ERKIC50,4,2,1545,5c73d505148598bc9f9b427077a0677c6518e634bca9f564cec96e787707dd9b
ERKIC50,4,3,1545,4972d200302843ef6e416da11d96931347570c6baeb1f1ca1a2058fa4a568759
ERKIC50,4,4,1544,05010e4922c1374d91db7a8545321ce443305d471b31c0e68235f5a0d95362a0
ERKIC50,4,5,1544,8545a7a93bc827a3374bc7f128d99bcb37e413592a1a275a94617a1c15d01ff9
ERKIC50,4,6,1544,c81d1b0fc743a25b47c46e35dcaf37a965d58fa16e494ead1652408adf2388d0
ERKIC50,4,7,1544,026857eb140ea96c2d486fc59eefb5783a454fff75a410e078f42e3b72757436
ERKIC50,4,8,1544,ee44917f0d406009308f6ca1965a4c08f51a0b8df9c4a27135008b522fce2cbd
ERKIC50,4,9,1544,e15572a28bde224460aa32171a01790c09926abbcc599599632c5d4373a136fd
ERKIC50,4,10,1544,68c1c0c028737c2fc4a8e69e2f4bdb221963f6ae8b214857713a9cba06194d4d
ERKIC50,5,1,1545,15ea7121baf21e3264d4243482f8b47c13fadb9260524bd9f256791bcda3269f
ERKIC50,5,2,1545,2df03f288cac65ae65f788bce58e547a3ad59cb4b84c0f54c4eeb991d6de1355
ERKIC50,5,3,1545,2379485eb0770322a8e40d7989303d8894ae272a0a51aa355a9250c872d236b6
ERKIC50,5,4,1544,823f4156037c08d472497a37c797bf6c45df490348a4c9e342cde7e73cc94403
ERKIC50,5,5,1544,acc657c1e91d57df462d1fe50dcd9b0dda4d3f249c5e24a05130c8d273d8ddc3
ERKIC50,5,6,1544,6abf485a4b03bf9d2945ea4799a83e034a183c6e0e7c94c9fce957d1cf322fed
ERKIC50,5,7,1544,49b3b6959f50c6b0bc6b8a011032525fabd4aec7932c9a9a2e3539eada52eb85
ERKIC50,5,8,1544,d7d4d2d82642a378cb5766ca0fe838e39fc9a4ae46be09c0ef8839e90ded7307
ERKIC50,5,9,1544,cc2c8fb3635c7a504c87af23aa3813f397bba3254b764e296cc8f23ff3282f11
ERKIC50,5,10,1544,4346b2f5d4dbc1062484bdd1f50b463dcd4e2437e86ac93da5eaf896aad0a535
ERKIC50,6,1,1545,dde315442f8d97b57785cb107fec803543bffbc56b6efafda4b44b47ed8238c9
ERKIC50,6,2,1545,3c0d6b48060a2f9b01dc0ea7483e9e5c0d061e6d8871d24535164b05618b5984
ERKIC50,6,3,1545,23fae76cd2facd4e0cc9ed68608583bd7e49fd34e370f6ef8aecd5ebefabc3b7
ERKIC50,6,4,1544,fb8da8672fb493212eef8648498a22d0f1e9eaab83c2012cdee0e8bee19a72b3
ERKIC50,6,5,1544,a2f4c486b3d600887931ae5e273fdd64d5257294ff84aeff1f2e192c11d369a2
ERKIC50,6,6,1544,ce1d54a136ae38183f76ff3911596de1437944e742b33d421c42180a553e4d81
ERKIC50,6,7,1544,0dfd82c77a8dc3ee028f4c5bb0f2ce9298f469e42ca11aa54a735b4108c56bf8
ERKIC50,6,8,1544,f6b618e2e070eb98141d2685bf782320d7b9ebda886a69555afcd68fd139563c
ERKIC50,6,9,1544,afdb1b8a9e055b56912f586f0497cc7f1824e828095f44b9aa6822e82016c59d
ERKIC50,6,10,1544,4e35a63f05bb29cf103663d1aa67c4b35aa0e30fcadeab5ab4b2ac6c55640491
ERKIC50,7,1,1545,046e04c9648d76f7d0b151e7492ac3371cf2e22f8e4a2a211b1c96e7f213f26b
ERKIC50,7,2,1545,7efa5ecd7e55ac12f72a8f5cde12886ffcb2400b3371c703da04d0a6dec5c0f8
ERKIC50,7,3,1545,921a742222d4ee286cdf13801645891cea060e87188fbea43e67529df3aa2e72
ERKIC50,7,4,1544,09a33ae0916cbef3cfac2a58628359b9f7816cda0517aa18963ba706e4790c17
ERKIC50,7,5,1544,8501aebf0f50abae6e2b5464abe19d39e610ca812c14b634a10889453c63a1b9
ERKIC50,7,6,1544,2fd9a41d3ca2cc6f09f9f3a132bddad5d81fb41369e73cb3cdb9142209785d0d
ERKIC50,7,7,1544,5c86ee53b24b9baa14e1970b84ef3b8d86804b104f2110c36a6f3ad84bac8ff9
ERKIC50,7,8,1544,fc1867023a6d9034d127fa3d7d10be629cdf7fe75d5d241b1f4b7f7ce5349c6f
ERKIC50,7,9,1544,c258d3fc692c66093459636d113c148cf734eff5ebd7ff7c8bd58c5b6018800e
ERKIC50,7,10,1544,235948ed3f143fdb60b8e247fb4ff3f0af3b0c89078e1bb2ed3000e3c85d2e56
ERKIC50,8,1,1545,51457eb826367de5151ffcff6564cf0b384a3ea170bc19348538897b366ba028
ERKIC50,8,2,1545,1d47c154e5ed3a414541752e7420900c6dfc72a78ab0655df4eda3100a363b49
ERKIC50,8,3,1545,d09549a87cbf02a74a7e1b93009875f8f79f77ea27f165639d1496a378c44a20
ERKIC50,8,4,1544,25320d768c6bf92a6894d1440697939916d384b7a2eff32287a1949d3fe1a1a8
ERKIC50,8,5,1544,c51d56be1317aef6b6457b5e45003c22d59940f14370902f34d4ccd5bc9c1c70
ERKIC50,8,6,1544,954dee69f073461b422cfc8935d1b7f6f4e937895af09952bce1b1279b7184c1
ERKIC50,8,7,1544,b8fe7c6cabe99f9b8b8c40541258093e7d3b26be78e45add69693470583bb145
ERKIC50,8,8,1544,82d1046b2b88b78222bda8c7488f97690a9b099dfc9ac47f19a278f4c140529d
ERKIC50,8,9,1544,7d2acae4c82ca94641a88da3f0f135a70a3c8f314d3a41b79048e111edd0bd29
ERKIC50,8,10,1544,0e5a52fef778f093a56a0ee77a53ed95193ccb05cf7ccb7ee2d10392d0dd61da
ERKIC50,9,1,1545,a8bf29fba6b5cd26a063fefbd5ab56a09acdaa51b7af7ef9876509df39ed38db
ERKIC50,9,2,1545,f2a11f81063b2c75d960688f0050d8505ef6d66c8fe7950e198bacc198595083
ERKIC50,9,3,1545,cb512fa998018aecc19b88e344f742044dde7deaac9989bd75497f938cd7b500
ERKIC50,9,4,1544,e80a9172b68ceaa4af7d3ffe81e6ff97eb6aa8b597653c80bb4def9ba8c8e007
ERKIC50,9,5,1544,906c6265bb225b60e654bb76d90ebc7323f9d74ff3a9cdaae497e6e6b377dbff
ERKIC50,9,6,1544,e65badd10cdbb1acf1b87a93c76db0c1bff62ffb2cefd678cef3cff9592af252
ERKIC50,9,7,1544,e8f4f3d03baae2b2f0fa8b7c9ddc1da79b745d0b24aa3e971e2e6dcd3e2b3d49
ERKIC50,9,8,1544,47dbfb122eb40e9c918589bb4654b296840499475b906ff75eed509b881909ec
ERKIC50,9,9,1544,a0ee2ed906eeb8261456f9c1f7d50b35a1211dc11f2e43b310fe6e0df8498191
ERKIC50,9,10,1544,b5edcd4a0f28634c78433bed451088936a8838bfb3588316e9661bc30bee8e7a
PI3KAUC,0,1,1334,174952a90d5081465817ccd3be45b51b6a21bd7c84ef49003873aa5cfe451d33
PI3KAUC,0,2,1333,6a3d80add4a615236e23f65d8fc0d33274651777217006073a69a7d4a043da6c
PI3KAUC,0,3,1333,75e33e346480f467d2afbee4678ff817e474dfb91e28ccc744a907509386e69b
PI3KAUC,0,4,1333,d20bcfe8aa4c40878240dbd3cef10ea4a3c1152f75c24c43dce6a423b321b619
PI3KAUC,0,5,1333,d7196ba9de3ea552e8fbc9e55d86f8036cbc975afa9c8d01c5a62f4c50445551
PI3KAUC,0,6,1333,464dd6ce8b2e71d5282ba93b1adaf3cc8b04260f97973f3d8c17dae68d8ce5a1
PI3KAUC,0,7,1333,a2246200dceb5d1348cf783c0478355c80f5361a2be1bd5a6a1f1a9c4bdbdea3
PI3KAUC,0,8,1333,7e1a97006c09d9504e3eb9afeeefa0d732055e1f171cc56f617f611fba6d4cc7
PI3KAUC,0,9,1333,98c69df9ebadac4aa3c3c8068ef453bc4d09a4fc6a79f47b35c93d6b2289b306
PI3KAUC,0,10,1333,c94e5a43ffb0d207dfaadd22764369f179c9fbc36cc72c82fc3b71637d1cccec
PI3KAUC,1,1,1334,826b7eb91ee4f1a921859a9ad5a4e922e1dfb8f27dca0184f12906f95bcdb3e9
PI3KAUC,1,2,1333,ae6ce5b7616dafb318608cfee952140c3fa20e6eab7adaab0fa95974076310b7
PI3KAUC,1,3,1333,7aed0a13ff36c239a89fa8ca699611e46c4d903c1fb00d88dad10691bde19ec8
PI3KAUC,1,4,1333,988f40b1b199af3186cad9597134a73d4b05f2f966c25c0e3c577ba727fd54cc
PI3KAUC,1,5,1333,a06e6d18b48c383b4c72f075ac532fc73f4eadb390a39618d306e496061b5c86
PI3KAUC,1,6,1333,323969ae8497659c33d55e6b3110533d90d656fb14478b43f8e3af6991b1fd51
PI3KAUC,1,7,1333,acf7e52aaa7b24e7f75c8bc12c7e50048ba36a95bea12cdcf8e05658ba91e346
PI3KAUC,1,8,1333,ef5f16c742f7f1cd89b40dd33845a74b66a493c28fba54508054762dd4ca9051
PI3KAUC,1,9,1333,6f171640894d2b32c4353036a5826962c92655d75b33784c5f2786efae6f5a73
PI3KAUC,1,10,1333,66626ce383f9a14ff1b2f88d7561f4ea28fc857446687fbbe7ec5bd54c4ad571
PI3KAUC,2,1,1334,0848b944b01b9cd6a7fd7a21076e06fe916015da1fcff2536783bd18f69b3698
PI3KAUC,2,2,1333,eb9882099a9b6d64f04c78df79cfa3f09c6cb4b8cdf918bee216d06f0ac2ffde
PI3KAUC,2,3,1333,39a7bd3225847c9f2720e2ea756d2a51d3129bc8fd88d6356da2b3299e01d768
PI3KAUC,2,4,1333,c84494f7e83e818ec534ead4c70d49e5d1009034c8f62c5e7f78b083c673f2f3
PI3KAUC,2,5,1333,96e8c2ba8f7f99f343b79f8ac89ef05eaa9e43333792016854d29ec9d39a55df
PI3KAUC,2,6,1333,6c7cb958cab31c693fa4a50f53ff46d904ba48bccc8a619ff59b8aaf06039c4a
PI3KAUC,2,7,1333,a3384e4bd299c85ad0cdebebe4320e8f5ed4969ee8c11b1abffd643c8a33c5cf
PI3KAUC,2,8,1333,aa650c5dc5ff00b0f78c210e2f8ac796163f04ac0129e4f36b872cc052368af1
PI3KAUC,2,9,1333,9af21ba95e2d7be27b95594b1e0e65e0e177dc48886cdd146c8a6b3c166ebe39
PI3KAUC,2,10,1333,578c0ac8445bb0494a17ebca48c3286f9b6baf65cf839b78cb19a2a223299681
PI3KAUC,3,1,1334,43af63b8ef2ef7b9d2feefd8264c0f539f579e323d7a2c98b1f989cf5aa0ed51
PI3KAUC,3,2,1333,7a1dc7047b70234716ec0956907425b5d67665f4eedc60bd7ec5a081535f86d7
PI3KAUC,3,3,1333,5c07c1c419e745310701d9def95b603df7fd0a5a236f72248647173e5f9ceee2
PI3KAUC,3,4,1333,7a5dc1ec1345fc6fbacf10a21711c47dcd14a7d14003682e18af00e3bc0036dd
PI3KAUC,3,5,1333,07c5f4cc6e868300e31a543b703ca380da2e61647f395d03423f30a6f3c568d6
PI3KAUC,3,6,1333,d0c7a00d7a49db434935e84557d3186cd3137d092174caadeaf5000505e0f277
PI3KAUC,3,7,1333,5d8d3b92793c98c665106506ae335c02e61225520271c66aa08905653c8cf540
PI3KAUC,3,8,1333,f3bc35fa8407fca998ea0b9b92cdd8abdfcf7f2367a0a8b9b7430fd0938b2af9
PI3KAUC,3,9,1333,62a158393ca388479b2ccf61b2bf8b3abebb713f87e5353fdb629e1ca2f151a0
PI3KAUC,3,10,1333,c248b818df2584701f96a2c3a1897db034a4fe2a5ca6b9173d5ab02bf613a6ff
PI3KAUC,4,1,1334,d8ad93e52eafed2890861d3d775f1dd461079a4d1d9050364d2ea6dfe83798fa
PI3KAUC,4,2,1333,7457a3f742a9b684d1168193fe233ba5041a1dd133111e03702ec3d006d339af
PI3KAUC,4,3,1333,6d57173369dd5df1a167d52ed70b7a421ff9275739ab43983c6b9a8b57dbd8bb
PI3KAUC,4,4,1333,a82015bf684fb094858b37a9a7345c92545db02406223d8da0d47854c7eeb60f
PI3KAUC,4,5,1333,3e2ee951a4a8a7cb8d89f340f1dd76d0f267f5ebd17173bbb1b9bd74230eb4b9
PI3KAUC,4,6,1333,5628f51f3d305a1ff145b37b2cd43d2eb1246603358433eef07d0034be803b15
PI3KAUC,4,7,1333,7ffb14c69b1eadb8174ee5e060605d68cbd2fcd09f9fe980691da880828bed9e
PI3KAUC,4,8,1333,9093fc7edf3dbe26a3dda49b5e3a658ef18baed423eca904d5074857d69202aa
PI3KAUC,4,9,1333,aa97e7899cebf5867ce4b463e3226e15c28356e075d9ae5faab402ed1e47f5af
PI3KAUC,4,10,1333,7762eaa3979e22c9c9e6388285710695def974ef189a4310fbd36fb36d4a0656
PI3KAUC,5,1,1334,89fea8474ccb86089b6f5bae5e4a58bc1b7c17adb3c1d77d6c597345678c5ed3
PI3KAUC,5,2,1333,93d7b9ccf67d24513f576e371bf37acae2302f1f57bc11e373f4a9da92217f68
PI3KAUC,5,3,1333,2ce7780d4db9bf24ad523b7bb5f0a7d049e84a7a942cf5d127b13cad7cf11a9d
PI3KAUC,5,4,1333,90d20013c2dd406c2fca475411973d6ed03d1baa0b1846ebd783b6fb81031d3e
PI3KAUC,5,5,1333,b58da34282d935ba7d396dc4a8f24be6bcb7c9682acee5a19dc4cf4e96707943
PI3KAUC,5,6,1333,4c19b0e25fd7890d037360e82905e8a630915b5101985284c6ce07d7cba0548c
PI3KAUC,5,7,1333,1dbc0ed596e725de382a19fee27e6460ba981ffca64c0489e181aa93e8281e7a
PI3KAUC,5,8,1333,3dc9321dd308961357be346774e7cd6c8e6d23c4ce192dc93dd4713569af8023
PI3KAUC,5,9,1333,d750a117b790e52ff431f7cf0062e20aacc1656ca51d3aebabc794ec9af56d81
PI3KAUC,5,10,1333,f555fca17ec0098307d8b9f0988ad0fb79fea379649ea353607623da2a80fc66
PI3KAUC,6,1,1334,099b17a6f7fe8d27952e4d105ea2bba9d660a6a9270296265189df9ca392224a
PI3KAUC,6,2,1333,c271675cbf713081a30ca0aca3286b58463eac6febfb4df964cc67c762001f2a
PI3KAUC,6,3,1333,eae63163c54d836743f2231d71ccefb082e9cfa9e03cbc4c8030345cc09c44f9
PI3KAUC,6,4,1333,7ae40d2e629686080222bfecf15113b087867921b886e9d346b3d5cafad5d2be
PI3KAUC,6,5,1333,09fa4ce8d545faa1ec4aa18c3d9d429f919dca4e142eac015c149ee03a67c432
PI3KAUC,6,6,1333,64e427b0c46f683b408dd644e0d1a6893820a5d0a0a028a48ae5317fb30842dc
PI3KAUC,6,7,1333,3502df4857ec265eedfb80a3396529a6546bae7232e9cd72f6923e52ad57637e
PI3KAUC,6,8,1333,0aed19894b5721ae03fab7e0a4789870be6a0346aaf0c4c0b22c0b3daa4fe16d
PI3KAUC,6,9,1333,d67231ff69101721788c17eafe559b0c72a3f7e90152bc655e14fb3f26d3b227
PI3KAUC,6,10,1333,e1f6cffa1eb31b5d4479816e524e2b0feb20af6fc4bf14869c00a9ef9c0abea6
PI3KAUC,7,1,1334,7912ae5518545f2314007bf137522a2261c04ff1b2e57452dbb98ee831f1b3a4
PI3KAUC,7,2,1333,3be764dd8d8dfb9cbd46b04d3a334c582329d81923c9a85efea2adb4fed372a0
PI3KAUC,7,3,1333,0349eefb48257e9df40e8bc825acec712a731029eeb55ec3112f61bb2edc8494
PI3KAUC,7,4,1333,07e7345b092b471a6d72ac68591b64c2a646f4e85486789d277d473278dfd2b5
PI3KAUC,7,5,1333,dfb898d9504466159480ca7c1e20d3cf83524fc655c9fdc512da22457b53450b
PI3KAUC,7,6,1333,a3225f2507fae506eb7fabfa21d79428b3d4ae1a6d0402636e724fa73796ea6c
PI3KAUC,7,7,1333,e5680426f6b45580561c0c87828b3eaaa6df395a0c1864b62756efa8efe8353d
PI3KAUC,7,8,1333,923db60481948b7652132ae83940b179718d67df4e24684907dcab1c502fefb1
PI3KAUC,7,9,1333,e6c601805d990327d20ce7630a244871183640aa8beb5792d99c95898f3cd545
PI3KAUC,7,10,1333,0f5ed7ed22c614c4b49e64fe7f7fa36a138048c351354f6875c4bb945d36ae1b
PI3KAUC,8,1,1334,aab6ca26fe2ad856beac5f4dccd390ac5b6c43d314620be8f41960e5c39df263
PI3KAUC,8,2,1333,d0fd97eacc19b1aa252650215cd5b35e37683df4b6e099e051265ab5cbd0a672
PI3KAUC,8,3,1333,7160fc9902f55224240a398577717c683100dd918a011b9620165ad4a60bccce
PI3KAUC,8,4,1333,40b8675339d9a83bb5061397d62bf50444cc0de0cadfa25267e449fd93487dfa
PI3KAUC,8,5,1333,deed03372c3674583010c7025c57a810562ba421b9b8aa1c7c5a24e7d0696acb
PI3KAUC,8,6,1333,2526ccb9d27f0985d5a04ab36aa3123c2a50bbcdc3e6284884880cb26568fae7
PI3KAUC,8,7,1333,6247e503a6dacbaed2fded7941bf3d2fa698c045cd774cd295c888bbc64c4c30
PI3KAUC,8,8,1333,75ca458166191730697728cac6955e9760c956fb2987c8af9310491508449afd
PI3KAUC,8,9,1333,b43985f94a9e1a41e21b959bb7701fcf27b4da3e171d85ff4f3a724d6735f09a
PI3KAUC,8,10,1333,a5e3ca84269230c4df85bfdd33fe616f9be3c04d7d744544be87eaf06e4e8460
PI3KAUC,9,1,1334,791871ca44a6207f80773431cfe90994132124625dbd9d4558d57857d94024f4
PI3KAUC,9,2,1333,07aa61a791015f60deb29f597f3a64993a61a60f7f6e2c85355a02ca30f6a56d
PI3KAUC,9,3,1333,8307a66cf288b6dcb0244642f5e10ed6bee15a9edb7f3db6b493314b52d17a8b
PI3KAUC,9,4,1333,b7bd55ca7d08f67df697a7bf3bfb109f228af77e34cc65dd1e580e3cd9f9b2cd
PI3KAUC,9,5,1333,4ae3c926f7bf0b313ffe852f43b1977c3a8e014fdab2838e1009b82921765852
PI3KAUC,9,6,1333,f96d867981678223b21ee5ded9a348fb80cbdf618022aaf110b92c79d127e68b
PI3KAUC,9,7,1333,ce07bb31c66a1a1b0709506ab4b8e7aeed8f8d9c428bd250933a019f35a3be93
PI3KAUC,9,8,1333,8c01b64f9e07c11f68aebaeecf5eed1cb7eb49c85bcf23745279d0f4f2ca985a
PI3KAUC,9,9,1333,34c5934974d9bc4242edf39f23eedc5883b839bb94a6c70a694e7f6046d9f272
PI3KAUC,9,10,1333,17c4487ad2f84a4809d4578342468b1d25b4d6294e2bd7c2ebed6f5b4914c95d
PI3KIC50,0,1,1393,fe518370b5615db23237b8ed65c77d9ec39df859efe6a53bd500e2db41259981
PI3KIC50,0,2,1393,96d7bf63cc4fab2a22c66df04075fb0e5cc15748cb9aba9ca4a1d19a55c9ff5a
PI3KIC50,0,3,1393,f93dc85a72e2becb5ad2976c693b1bf06e6561afc5c28d9c4362f5924ef77e6a
PI3KIC50,0,4,1393,1796cfb218a7836b85f365fa105941e1027e6956dc5124f3ea3f6b8aafb3421b
PI3KIC50,0,5,1393,8f60a9c2bd84b53e859670778eb255b5bf2cffe59164cd9b6e75d342b236e665
PI3KIC50,0,6,1393,1a282294663fb6ac7443811cbe659f805fff1892834bb671eceb1bd68e429b3b
PI3KIC50,0,7,1393,baef672e85b1483533cbee740a698f2be36dad1939b0a7d292305715c5afa480
PI3KIC50,0,8,1392,ec5b52d394ca5e6f9f8e55a6421266bce9b7859359a69d9bfb05ec891ba7aa6c
PI3KIC50,0,9,1392,03748b5cb05caf0b8a76a4121f6123345399bf83f16370af38a4ae104fd0cb8b
PI3KIC50,0,10,1392,37d5d8660d29ea0880ef4e71d136506f8fc9d7c1f402dc41d9b52040f5cbb9e4
PI3KIC50,1,1,1393,062a4603d84dad0b5c24ea714c5ee7b0490070a3bf03c6cc932fef853ba25cf2
PI3KIC50,1,2,1393,ac84cc66fe21b5373f3589274ab7967b5d48695819494f0b5b7e91ae7216c178
PI3KIC50,1,3,1393,a4eddd59ffcb50427b0e75a22a228d14c6b21c9e475341053b60df951e1fa37d
PI3KIC50,1,4,1393,9bf399934e63edd7650f467b518bfacd87869d1607865d15178a5181619812ed
PI3KIC50,1,5,1393,e1ec41b3c9d11735607020596fb60412dcd8244b390298b168ee727db33a94ab
PI3KIC50,1,6,1393,f76f7d3d81e03a99e05dfba0fb2c21f4166bba9430fbcc0dd4787d132b4556e4
PI3KIC50,1,7,1393,781f52f8cfdf2502d14a61fbb34322540f43fc9b2568db94317abcda036e035f
PI3KIC50,1,8,1392,10e6c4607d2f1f82e130006f9faf07a690b93c65c9d864732fc1750945ecf8f6
PI3KIC50,1,9,1392,37a73236bff6cbd99ed7065df27111c46d3cc3415216d9b546da08737c7228b0
PI3KIC50,1,10,1392,264a8c3fbef791ca72d92f2b5ad7da1d29778d62041d5206d51e4e4089243c4b
PI3KIC50,2,1,1393,81e6cb962c473ad22d5ebc460bfe9f1c5a8c7c1f6cbc0a90bd9ec07d84e0f0ed
PI3KIC50,2,2,1393,34f175a00b71af7e8b66ae29c91443ba8d2a20b71ab56e3e151e5e6057b74042
PI3KIC50,2,3,1393,1f5a016281ad7048375500b275d4fccb7110d536c0c380362e1b615234f7bfb2
PI3KIC50,2,4,1393,bb6ce650cb2c6adccaca0d0d774c69375ed50b450cce741bf0a9192d67d99f20
PI3KIC50,2,5,1393,ee5fd631e6cdbd81360dae69aeceb763fbcc4ba89dd1c835019ba6cffb9f9ba6
PI3KIC50,2,6,1393,6e3b83ba88ba6f949975a0ced048e604345b65994bc398cf1707568f37d692d5
PI3KIC50,2,7,1393,c27e58f57612caa720d7f0b98902f86b82d377e094ad3be4f2cf733de42c91a1
PI3KIC50,2,8,1392,b48645874ee29e7922cc1c9f839dd04dd99271ad681e6eb3dd32b868561d858d
PI3KIC50,2,9,1392,5507a5978a4edf8ce5adf81783ecf4e0fa9011f68904fdea92c8a374765ae82a
PI3KIC50,2,10,1392,864407c074c682c162a303ba0cee13821314acae90bcde23b83280f8332251cc
PI3KIC50,3,1,1393,51ced5ca7e8af7a9d01ebb2710a37a1bb85b09223494ab8294ba86c085517c90
PI3KIC50,3,2,1393,bcd347f94ce109fd797e4fcea523b5e42e533ea6bf76416d71ef139af4b063de
PI3KIC50,3,3,1393,bd8911c56d3fb08a83322846ceb8513a4dfd74e4d8e5fe265e37342d05f09325
PI3KIC50,3,4,1393,853fd0e52db84d81cb70cf7ee69af249d6ddaf6672d6f631a59def9d06681f19
PI3KIC50,3,5,1393,518eb468e0c331feb61bb33f84224e31a8af974f1dcf4253b6e50587c91b00a2
PI3KIC50,3,6,1393,82b8c01bbc934dd6e3d0931a8479bdbf1b5bf57eb5aab0b40833c6f295b0a801
PI3KIC50,3,7,1393,18131d69f12938512a22565cf22155472ee50f917dec6c058a052c7750292d6b
PI3KIC50,3,8,1392,d0988a4b7bdd6df3911eb72a4335491557850daf6e4250ac5d7d5867bd47f03c
PI3KIC50,3,9,1392,e0bca0b90aeb9a3f0015720b337f51529fd74922ff114410842796e280ec1424
PI3KIC50,3,10,1392,bfe8ed33042566b3b71bafe0b755d798f2bb8a04acf207fc8f2777732ab87d9e
PI3KIC50,4,1,1393,932174fe9b2bf100895d58630aebd8001609ce8f741a85eec4f0839107ad9c70
PI3KIC50,4,2,1393,04a33d9e403af53c6f2f48d2bab09be9ef56e7846b8df63654dee67f07c8699c
PI3KIC50,4,3,1393,9abbdaec19c734df1e96f61fbc5a6c7e39fc297be07473b2e82fa9c161a9951c
PI3KIC50,4,4,1393,0bf17997061d1186f316ec2021b764b14a57091d24d45f0eb3afd20c10bdebba
PI3KIC50,4,5,1393,9992ddd5e2f12e99827be1987af14f76059fc83608e4a011337bda43027f600b
PI3KIC50,4,6,1393,7d5b0113a6039a2f75c903cddff0fd8a12858d2a0e0829100eb613c5d4810010
PI3KIC50,4,7,1393,74c98a8e391a5de510ac1e65ed35ad922b50586596cb5366a733d6ace6cddf41
PI3KIC50,4,8,1392,35ac60b7ed82b3c02ee2fcd89e44f9a0952a62834762cfa190cef4f744723e4a
PI3KIC50,4,9,1392,a614af7da8e3ed563bc067ab9da628478a500010b349821eae8528d23904d4bd
PI3KIC50,4,10,1392,c211a9f4f38e4a5fcff1adba565f66d033cf728a44730d23d028ae3832be32cd
PI3KIC50,5,1,1393,b104f187a0ada2562e0d5fa1d6ae1f7f32bc42acaf9d234ef456472f83c4529f
PI3KIC50,5,2,1393,9770f48d382f63481cbc83c257a11b87b2716d73281e38f5a39e21561605ce2a
PI3KIC50,5,3,1393,b0b86ec260ab7db01398dfd9d4ead6d91c9897c329c79af2bfd5290b1726313c
PI3KIC50,5,4,1393,b4d912ea48ff9850e3c2089a4266f6a66561054a72c88d7f3b7e1e2282178594
PI3KIC50,5,5,1393,e0a7fae9637802794e089e0462efc6ab8e620bfaa26e69fb0d54e7428aa940aa
PI3KIC50,5,6,1393,f106f34a5f5647422895abc01cd149ff98e483a830671a3785afe85b30157341
PI3KIC50,5,7,1393,6783729f87c593162ed6d2ea9a50e13b073e466442f095537b5ff4878ae676e6
PI3KIC50,5,8,1392,95b7b9d79a7d832fe101c36a0ae0b89d87941a991f344c2592cc49b8b9f266b7
PI3KIC50,5,9,1392,9879f2d3f63cd2500c819b5b6b662665f1be34afe6de27ee1d761550958579d9
PI3KIC50,5,10,1392,c7ae49ab4b9c37dcfa2d782ce1af98863c10ab521d4b8edf329253141fae44b3
PI3KIC50,6,1,1393,42ae2c18a54595411ac54432aa65ca4b5a5e9ed4300c7a6b062cd57e0a1b1c7e
PI3KIC50,6,2,1393,4cd9ca836c4905731e5be2aa993292e8fb0fea9a9e9c69960de54c8cbe34a01e
PI3KIC50,6,3,1393,7b380608b88f6ca608bd15eab3d37c6ab5e90f1ea571a70b41559e7bb1ae1073
PI3KIC50,6,4,1393,1aa997f9a6a080778ff0bdafb5fab8aea7349f3d4907f9ddf722ed7bf2065784
PI3KIC50,6,5,1393,c340a6a6491ab91291b4d06bd22cccc760b3dcf7b15bf013282bae094f7b3623
PI3KIC50,6,6,1393,82aa78b23551d2c3abce801057ddb82997e73a16593dcb0181f446d0c75b193d
PI3KIC50,6,7,1393,e4d5ce2a7546d2784db465b3124cba9db95d8e0fc15db03524df552415e8ac46
PI3KIC50,6,8,1392,3559a7be76f4a55a533a6b7c40d324d42bc4e3f472d0b26e2d637829c66a61d8
PI3KIC50,6,9,1392,2da4cce4d335d20a4785705cf55664b9628eb5147f3e1cb4366dfe69fec18aa4
PI3KIC50,6,10,1392,c2b3e97acf4ca3acf9653452ffdeefcfb6d0a8a1d35b8acf2fc54fdb48f6564f
PI3KIC50,7,1,1393,d8565b979b6c3610142913f5800f9e2631ad940e8d9b56d757e6a31d79d1a6e3
PI3KIC50,7,2,1393,8fd4294ab2d96fdeea8e9045d22efa02e37af2b510a274a936f30411cc3562de
PI3KIC50,7,3,1393,ad7ffc56890480ddf058e7ba17b38c65c2d37841253f9c17f4d13225c504cd6b
PI3KIC50,7,4,1393,6f9baec1ebfc70fe6c18fc676c041d246b4f662be3c0fa4004219eba4a64272b
PI3KIC50,7,5,1393,8341564080a58145602be10eda6b6ba1de4a8898e08461262900854c2c38bdf7
PI3KIC50,7,6,1393,964d1ed13cb693f9afa69dd76f00664df315b2419d7ea201fe00959bab00d8ec
PI3KIC50,7,7,1393,897d079238c2bb585367a22594e390e1fa5d9951f58cfdf9114d287fea821e59
PI3KIC50,7,8,1392,2ad6ecd0b33b2872172b266e51462a9c971a2bce4011bdec21b61599fea18736
PI3KIC50,7,9,1392,a72201d804384c3a0fd0194d748c1d7249998aa850bf460aa67147c82ef51d18
PI3KIC50,7,10,1392,0a61e0e138a8d72c3f8852cc579bcb73bb5612baf2b38068af61451c3637c8d3
PI3KIC50,8,1,1393,8ac8470864aa61353f872482237e504056617c9decfe97888b5b2f3733193223
PI3KIC50,8,2,1393,2e9d54948ac238c0f96146f48cea8c4bdd2b49b3d2b97e6863a1bb4329f80c6c
PI3KIC50,8,3,1393,8d6dd6e7f95cb7d7791d35b7e42833e7e0a84323da46aa8d68271bd5c1abc22d
PI3KIC50,8,4,1393,628c190198fc053012bfea115d2d664fe6479b16ac0f1552b930fa9b1d0e00d7
PI3KIC50,8,5,1393,960e4034a0203d74e7bdcafefbbc3790ffff527ddd28c59dfd95d4b4602469c1
PI3KIC50,8,6,1393,cd876becaa34eb5746bec870c36954f481340d48c1237d229b830fddc0909520
PI3KIC50,8,7,1393,46a16da315bec5f310df847c84835f5af24062358c21489bbb90f3df9cc7ccd9
PI3KIC50,8,8,1392,d2a89b882de0ce18d442bba4218bd546754fce50db636d7ca64658d759fd5054
PI3KIC50,8,9,1392,02b4bf6e5edb1b31c65d2d2d09fdd75dee4b6c861c26015a849b159ed12e8843
PI3KIC50,8,10,1392,72347f427209c3a21722aa36786c5fcaed0431c47216e060b2769d67933c9b51
PI3KIC50,9,1,1393,d956965f1fadfa99bcf5d1823f0a8312baa42e06e7d60b2c981c34a22ef7142c
PI3KIC50,9,2,1393,dac0c1ce955888679bbb48eee26787e6482cb7ea0d981c98e9ce74ebc004d864
PI3KIC50,9,3,1393,d46a133a5d5587ec7b35898385b1c163fc3413787cb71fa1931338994715607c
PI3KIC50,9,4,1393,f45018e43533d186b53f4e927923168e3739ec332212e304b5d162dcd20f6ad8
PI3KIC50,9,5,1393,d72c2ebb8efbbabb4deadc1b32f9c3fa8c200008f4b7e5df55ab9bf6c98788b4
PI3KIC50,9,6,1393,a01a7d67770d35523d90d60e2190b38b8466f2bb783a2838e786c143f2f49240
PI3KIC50,9,7,1393,8927a8f2ba02e6e421eb4a011c4a7a72bc61b0f363e641ca5c111312157437dc
PI3KIC50,9,8,1392,f15f4938ba964cd31f49c9003b56dc0228cde3505856baf2ad2fd3b2ff90bea0
PI3KIC50,9,9,1392,e02d36f6525bbf6d549bcf882cc58e5330720f14da760a8c7ce12efa20d155b6
PI3KIC50,9,10,1392,8a07ceba11241ffd575b3090a17aa59a95ac6d70215f543cf317942ca23763d0
