dataset,mask_ratio,method,metric,mean,sd,ci_low,ci_high,n
CCLE,0.1,mfmr_base,pcc,0.7253177796463338,0.011594300020828048,0.7170237170563337,0.7336118422363339,10
CCLE,0.1,mfmr_base,rmse,0.6807764740934097,0.019730980249387728,0.6666617811100907,0.6948911670767287,10
CCLE,0.1,mfmr_base,mae,0.4989943524884617,0.008253050759448408,0.493090475632218,0.5048982293447054,10
CCLE,0.1,original_mclrp,pcc,0.6935917797234536,0.015537501265610317,0.6824769208912967,0.7047066385556106,10
CCLE,0.1,original_mclrp,rmse,0.9281669319979541,0.040813840033939,0.8989704696697725,0.9573633943261357,10
CCLE,0.1,original_mclrp,mae,0.6989848253318494,0.017849033424404193,0.6862163960064851,0.7117532546572136,10
CCLE,0.15,mfmr_base,pcc,0.7197801504857576,0.009190876018029854,0.7132053938541774,0.7263549071173379,10
CCLE,0.15,mfmr_base,rmse,0.6881701602258069,0.024132870263673892,0.6709065448213671,0.7054337756302467,10
CCLE,0.15,mfmr_base,mae,0.5051684959948889,0.013798221071947472,0.4952978432607174,0.5150391487290603,10
CCLE,0.15,original_mclrp,pcc,0.6819155351790014,0.012510753142762633,0.6729658815192108,0.690865188838792,10
CCLE,0.15,original_mclrp,rmse,0.936968914201952,0.033523083967413214,0.912987944575836,0.9609498838280681,10
CCLE,0.15,original_mclrp,mae,0.7047792935702458,0.01487520474155986,0.6941382131303805,0.7154203740101112,10
CCLE,0.2,mfmr_base,pcc,0.7094225730933691,0.010684453328034223,0.7017793756184497,0.7170657705682885,10
CCLE,0.2,mfmr_base,rmse,0.7025066586849644,0.01760390892722787,0.6899135808614821,0.7150997365084467,10
CCLE,0.2,mfmr_base,mae,0.5132625877817857,0.011534230348222497,0.5050114964469244,0.5215136791166469,10
CCLE,0.2,original_mclrp,pcc,0.6697404927269932,0.00989470314232085,0.6626622485014294,0.676818736952557,10
CCLE,0.2,original_mclrp,rmse,0.9462631525049506,0.019516791896203835,0.932301680639264,0.9602246243706373,10
CCLE,0.2,original_mclrp,mae,0.709959106970405,0.00954843053974638,0.7031285712424474,0.7167896426983625,10
CCLE,0.25,mfmr_base,pcc,0.6980338155122879,0.009602447363458225,0.6911646384764486,0.7049029925481273,10
CCLE,0.25,mfmr_base,rmse,0.7172010995604934,0.011138382182498652,0.7092331809447054,0.7251690181762813,10
CCLE,0.25,mfmr_base,mae,0.522359732134231,0.011236425051804094,0.5143216778748025,0.5303977863936595,10
CCLE,0.25,original_mclrp,pcc,0.6567351812722567,0.008887940204289055,0.6503771318671071,0.6630932306774063,10
CCLE,0.25,original_mclrp,rmse,0.9546326459725718,0.011939075594505518,0.9460919457949254,0.9631733461502182,10
CCLE,0.25,original_mclrp,mae,0.7153819929337326,0.009507479932179276,0.7085807515057027,0.7221832343617626,10
CCLE,0.3,mfmr_base,pcc,0.6836604962113005,0.0076473531086940424,0.6781899093524648,0.6891310830701363,10
CCLE,0.3,mfmr_base,rmse,0.7311951525696202,0.010372632448626285,0.7237750183142166,0.7386152868250238,10
CCLE,0.3,mfmr_base,mae,0.5337306838891883,0.007931204409099347,0.528057042042334,0.5394043257360427,10
CCLE,0.3,original_mclrp,pcc,0.6404546657499273,0.008675295177828531,0.6342487334329803,0.6466605980668743,10
CCLE,0.3,original_mclrp,rmse,0.9569848257985132,0.011982614963715832,0.9484129794324199,0.9655566721646065,10
CCLE,0.3,original_mclrp,mae,0.7183464584114756,0.008727984147793858,0.7121028346759946,0.7245900821469566,10
ERKAUC30,0.1,mfmr_base,pcc,0.676515976469716,0.017368845715891527,0.664091052737807,0.6889409002016249,10
ERKAUC30,0.1,mfmr_base,rmse,0.7242601895535855,0.02806095329423048,0.7041865928259414,0.7443337862812296,10
ERKAUC30,0.1,mfmr_base,mae,0.4948297287107774,0.012105617992736042,0.486169891278417,0.5034895661431379,10
ERKAUC30,0.1,original_mclrp,pcc,0.6417499324369437,0.01833215186863487,0.6286359009960887,0.6548639638777987,10
ERKAUC30,0.1,original_mclrp,rmse,0.927608155213046,0.029080922867769605,0.9068049162070727,0.9484113942190192,10
ERKAUC30,0.1,original_mclrp,mae,0.65603609944347,0.009122351312232643,0.6495103624334125,0.6625618364535274,10
ERKAUC30,0.15,mfmr_base,pcc,0.6522081233359924,0.01802277750687448,0.6393154049813584,0.6651008416906264,10
ERKAUC30,0.15,mfmr_base,rmse,0.7502087438339028,0.02784097265760065,0.7302925117738556,0.77012497589395,10
ERKAUC30,0.15,mfmr_base,mae,0.5134863504793796,0.010212742754790312,0.506180594420658,0.5207921065381013,10
ERKAUC30,0.15,original_mclrp,pcc,0.6180327505364995,0.015190494025288504,0.6071661257301347,0.6288993753428643,10
ERKAUC30,0.15,original_mclrp,rmse,0.9368867576658204,0.030144810813945364,0.9153224590703526,0.9584510562612882,10
ERKAUC30,0.15,original_mclrp,mae,0.6634037716480521,0.013130267829603066,0.654010943878669,0.6727965994174352,10
ERKAUC30,0.2,mfmr_base,pcc,0.6305971760973764,0.01465625743114929,0.6201127211280608,0.641081631066692,10
ERKAUC30,0.2,mfmr_base,rmse,0.7703742162106685,0.018796003292395606,0.7569283654504737,0.7838200669708633,10
ERKAUC30,0.2,mfmr_base,mae,0.5314388453568037,0.0073541026759238355,0.5261780372202343,0.5366996534933732,10
ERKAUC30,0.2,original_mclrp,pcc,0.6007995166657232,0.015419637593438387,0.5897689724254196,0.6118300609060268,10
ERKAUC30,0.2,original_mclrp,rmse,0.9381458858377858,0.023050245358418864,0.9216567336359152,0.9546350380396564,10
ERKAUC30,0.2,original_mclrp,mae,0.666469843460803,0.013161645016165744,0.6570545698043218,0.6758851171172842,10
ERKAUC30,0.25,mfmr_base,pcc,0.6186726490244013,0.01892394879942128,0.6051352715621656,0.632210026486637,10
ERKAUC30,0.25,mfmr_base,rmse,0.7839960244326011,0.01986910757204869,0.7697825211151108,0.7982095277500914,10
ERKAUC30,0.25,mfmr_base,mae,0.5417001030975588,0.007071621076547473,0.5366413701239179,0.5467588360711997,10
ERKAUC30,0.25,original_mclrp,pcc,0.5796648849859801,0.015916661097614197,0.5682787915495259,0.5910509784224344,10
ERKAUC30,0.25,original_mclrp,rmse,0.9478445515487746,0.021112987144954805,0.9327412303885881,0.962947872708961,10
ERKAUC30,0.25,original_mclrp,mae,0.6731111550259146,0.014453429320258107,0.6627717945464535,0.6834505155053756,10
ERKAUC30,0.3,mfmr_base,pcc,0.6054837396289277,0.014598761521897135,0.5950404147553617,0.6159270645024936,10
ERKAUC30,0.3,mfmr_base,rmse,0.7956583835148933,0.014430702892484291,0.7853352805424887,0.8059814864872978,10
ERKAUC30,0.3,mfmr_base,mae,0.5451879683911232,0.007951652022599133,0.5394996992027408,0.5508762375795055,10
ERKAUC30,0.3,original_mclrp,pcc,0.5536403768294018,0.01140678101288235,0.5454804572567398,0.5618002964020639,10
ERKAUC30,0.3,original_mclrp,rmse,0.9568893779670675,0.014898560418385352,0.946231589882491,0.967547166051644,10
ERKAUC30,0.3,original_mclrp,mae,0.6748418163102043,0.011408197788015153,0.6666808832376668,0.6830027493827419,10
ERKIC50,0.1,mfmr_base,pcc,0.6457876088768039,0.011012623545108591,0.6379096525707606,0.6536655651828471,10
ERKIC50,0.1,mfmr_base,rmse,0.767982110079428,0.02121519061424148,0.7528056769616713,0.7831585431971846,10
ERKIC50,0.1,mfmr_base,mae,0.5790753236977667,0.010813726120570683,0.57133965003795,0.5868109973575835,10
ERKIC50,0.1,original_mclrp,pcc,0.6070173971081498,0.015706568227352412,0.5957815950573363,0.6182531991589634,10
ERKIC50,0.1,original_mclrp,rmse,0.957348397433585,0.023686532943978874,0.9404040725131894,0.9742927223539807,10
ERKIC50,0.1,original_mclrp,mae,0.7450800099469117,0.011398100798804751,0.7369262998253355,0.7532337200684879,10
ERKIC50,0.15,mfmr_base,pcc,0.6364450499702918,0.01325083560192315,0.6269659732123399,0.6459241267282437,10
ERKIC50,0.15,mfmr_base,rmse,0.773904103067029,0.01643765577803962,0.7621453124879491,0.7856628936461088,10
ERKIC50,0.15,mfmr_base,mae,0.5836758562477152,0.009115561707001318,0.577154976228649,0.5901967362667815,10
ERKIC50,0.15,original_mclrp,pcc,0.5969153469921059,0.014125681822693309,0.5868104429484483,0.6070202510357635,10
ERKIC50,0.15,original_mclrp,rmse,0.9569116594995645,0.013824226931280758,0.9470224032943227,0.9668009157048062,10
ERKIC50,0.15,original_mclrp,mae,0.7451259022851168,0.006526994854138205,0.7404567714408586,0.7497950331293749,10
ERKIC50,0.2,mfmr_base,pcc,0.6250703680284334,0.015566120477599598,0.6139350362453361,0.6362056998115307,10
ERKIC50,0.2,mfmr_base,rmse,0.7864234207972143,0.017800318530304473,0.7736898400077687,0.7991570015866598,10
ERKIC50,0.2,mfmr_base,mae,0.5955685758054173,0.008600414345390286,0.5894162100090812,0.6017209416017535,10
ERKIC50,0.2,original_mclrp,pcc,0.5850493053732813,0.011616201485793655,0.5767395754190667,0.5933590353274958,10
ERKIC50,0.2,original_mclrp,rmse,0.9619248313502385,0.010065492656187641,0.9547244116664598,0.9691252510340173,10
ERKIC50,0.2,original_mclrp,mae,0.7497261488731297,0.003522022495219435,0.7472066457581282,0.7522456519881312,10
ERKIC50,0.25,mfmr_base,pcc,0.6026167814873336,0.013696612341632526,0.5928188152601016,0.6124147477145655,10
ERKIC50,0.25,mfmr_base,rmse,0.8083948554914275,0.016899170569230536,0.7963059171192536,0.8204837938636015,10
ERKIC50,0.25,mfmr_base,mae,0.6107679716735628,0.007276826872759655,0.6055624433164526,0.615973500030673,10
ERKIC50,0.25,original_mclrp,pcc,0.5640805160049702,0.0077962560836342615,0.5585034103746889,0.5696576216352516,10
ERKIC50,0.25,original_mclrp,rmse,0.9657715710283983,0.01114371260859044,0.9577998392554937,0.9737433028013028,10
ERKIC50,0.25,original_mclrp,mae,0.7526626945073877,0.0037336267482845848,0.7499918188286195,0.7553335701861558,10
ERKIC50,0.3,mfmr_base,pcc,0.5890842753737011,0.010289763994731572,0.5817234216390798,0.5964451291083225,10
ERKIC50,0.3,mfmr_base,rmse,0.8177022314457363,0.012965431923096873,0.8084273201804273,0.8269771427110453,10
ERKIC50,0.3,mfmr_base,mae,0.6186800872322155,0.006743137417323959,0.6138563373127044,0.6235038371517265,10
ERKIC50,0.3,original_mclrp,pcc,0.543549452526668,0.009524456589794554,0.5367360667293722,0.5503628383239637,10
ERKIC50,0.3,original_mclrp,rmse,0.96755133735641,0.011161248649179712,0.9595670610557663,0.9755356136570537,10
ERKIC50,0.3,original_mclrp,mae,0.7533204247056065,0.00469764678674791,0.7499599306348124,0.7566809187764005,10
PI3KAUC,0.1,mfmr_base,pcc,0.6083941503177015,0.022961543808645398,0.5919684513820332,0.6248198492533698,10
PI3KAUC,0.1,mfmr_base,rmse,0.7815369526616852,0.026162078432808274,0.7628217291797672,0.8002521761436032,10
PI3KAUC,0.1,mfmr_base,mae,0.5578962508882873,0.012538892698931802,0.5489264674026597,0.5668660343739149,10
PI3KAUC,0.1,original_mclrp,pcc,0.5751914675855421,0.02048288817030986,0.5605388920783241,0.5898440430927601,10
PI3KAUC,0.1,original_mclrp,rmse,0.9387882654297736,0.026647142709178506,0.9197260478679059,0.9578504829916412,10
PI3KAUC,0.1,original_mclrp,mae,0.6873957654311083,0.01564628371499343,0.6762030883225348,0.6985884425396817,10
PI3KAUC,0.15,mfmr_base,pcc,0.595559710183748,0.0183386846557906,0.5824410054684858,0.6086784148990102,10
PI3KAUC,0.15,mfmr_base,rmse,0.8057925277483854,0.025544160628858743,0.7875193360348558,0.824065719461915,10
PI3KAUC,0.15,mfmr_base,mae,0.5710659041947553,0.01273534333892157,0.5619555883871252,0.5801762200023854,10
PI3KAUC,0.15,original_mclrp,pcc,0.558689386590912,0.018583347148573594,0.5453956608718012,0.5719831123100229,10
PI3KAUC,0.15,original_mclrp,rmse,0.9585764032900874,0.029287521659314267,0.9376253724118139,0.979527434168361,10
PI3KAUC,0.15,original_mclrp,mae,0.695754307731114,0.01722323502899353,0.6834335476096632,0.7080750678525648,10
PI3KAUC,0.2,mfmr_base,pcc,0.5809175012482397,0.015161568902199886,0.570071568228433,0.5917634342680465,10
PI3KAUC,0.2,mfmr_base,rmse,0.8216684263908732,0.020993689721349212,0.8066504454665296,0.8366864073152168,10
PI3KAUC,0.2,mfmr_base,mae,0.582923718741962,0.008790093434936148,0.5766356646989976,0.5892117727849264,10
PI3KAUC,0.2,original_mclrp,pcc,0.5412792944368905,0.008973340360453089,0.5348601534402565,0.5476984354335245,10
PI3KAUC,0.2,original_mclrp,rmse,0.9640759870636788,0.027511446695409145,0.9443954836763878,0.9837564904509698,10
PI3KAUC,0.2,original_mclrp,mae,0.70002271178705,0.014093861192093776,0.6899405708512446,0.7101048527228554,10
PI3KAUC,0.25,mfmr_base,pcc,0.5681776305850492,0.017052403213075277,0.555979076182878,0.5803761849872204,10
PI3KAUC,0.25,mfmr_base,rmse,0.8338337258673951,0.01924114061626335,0.8200694430484584,0.8475980086863318,10
PI3KAUC,0.25,mfmr_base,mae,0.5933831788906276,0.008338247301685768,0.5874183560995281,0.5993480016817272,10
PI3KAUC,0.25,original_mclrp,pcc,0.5226953656155506,0.013717231284571892,0.5128826494850928,0.5325080817460085,10
PI3KAUC,0.25,original_mclrp,rmse,0.9688651324600557,0.028931039918318534,0.9481691132570622,0.9895611516630491,10
PI3KAUC,0.25,original_mclrp,mae,0.7045213128491141,0.014317481798253697,0.694279203368371,0.7147634223298572,10
PI3KAUC,0.3,mfmr_base,pcc,0.5589601546937539,0.014375264377079871,0.5486767100462017,0.5692435993413062,10
PI3KAUC,0.3,mfmr_base,rmse,0.8422347694524446,0.016138468472307398,0.8306900045787043,0.8537795343261848,10
PI3KAUC,0.3,mfmr_base,mae,0.597369209812434,0.00445793294261231,0.5941801966955034,0.6005582229293647,10
PI3KAUC,0.3,original_mclrp,pcc,0.5029564388227961,0.011943397126867376,0.4944126472071302,0.5115002304384619,10
PI3KAUC,0.3,original_mclrp,rmse,0.9760066206837111,0.023162764909051267,0.9594369768442369,0.9925762645231854,10
PI3KAUC,0.3,original_mclrp,mae,0.7079869414035052,0.012964099184362384,0.6987129835220537,0.7172608992849566,10
PI3KIC50,0.1,mfmr_base,pcc,0.6073420045255612,0.021010316692580695,0.5923121293825215,0.6223718796686009,10
PI3KIC50,0.1,mfmr_base,rmse,0.80192740961243,0.022377049699005756,0.785919832574602,0.8179349866502581,10
PI3KIC50,0.1,mfmr_base,mae,0.5639719749439404,0.009777648588695766,0.5569774665016897,0.570966483386191,10
PI3KIC50,0.1,original_mclrp,pcc,0.5610257963895142,0.015622123375898817,0.5498504025463631,0.5722011902326654,10
PI3KIC50,0.1,original_mclrp,rmse,0.9692810141824632,0.03691057673419522,0.9428767782116441,0.9956852501532822,10
PI3KIC50,0.1,original_mclrp,mae,0.6998605791906757,0.01440668314618051,0.6895546589096696,0.7101664994716818,10
PI3KIC50,0.15,mfmr_base,pcc,0.5906305304211049,0.025349513510218115,0.5724965808681257,0.6087644799740841,10
PI3KIC50,0.15,mfmr_base,rmse,0.8092768272091634,0.03150470273582405,0.7867397205359818,0.8318139338823449,10
PI3KIC50,0.15,mfmr_base,mae,0.573484235051473,0.013470409968778614,0.5638480842538129,0.583120385849133,10
PI3KIC50,0.15,original_mclrp,pcc,0.5416774195894317,0.01767103486857792,0.5290363227602337,0.5543185164186297,10
PI3KIC50,0.15,original_mclrp,rmse,0.9611790408876857,0.03691315089426357,0.9347729634736845,0.9875851183016868,10
PI3KIC50,0.15,original_mclrp,mae,0.6982876372463849,0.01634930473030891,0.6865920491994506,0.7099832252933191,10
PI3KIC50,0.2,mfmr_base,pcc,0.5799908570953366,0.02377494352067278,0.5629832870583406,0.5969984271323326,10
PI3KIC50,0.2,mfmr_base,rmse,0.8182966646934803,0.02419168066345356,0.8009909788634142,0.8356023505235464,10
PI3KIC50,0.2,mfmr_base,mae,0.5825967429256971,0.010354286245300178,0.5751897327535415,0.5900037530978527,10
PI3KIC50,0.2,original_mclrp,pcc,0.5304452050205433,0.016638201908965766,0.5185429523817362,0.5423474576593503,10
PI3KIC50,0.2,original_mclrp,rmse,0.9619391841355833,0.029589555135260563,0.940772091524452,0.9831062767467147,10
PI3KIC50,0.2,original_mclrp,mae,0.6997687796320525,0.013598359329309792,0.6900410993757198,0.7094964598883853,10
PI3KIC50,0.25,mfmr_base,pcc,0.566985484476078,0.018266967591799826,0.5539180830578188,0.5800528858943372,10
PI3KIC50,0.25,mfmr_base,rmse,0.835125858876314,0.020019848773018194,0.8208045217996932,0.8494471959529347,10
PI3KIC50,0.25,mfmr_base,mae,0.5942076664728843,0.008778316135916422,0.5879280374021075,0.600487295543661,10
PI3KIC50,0.25,original_mclrp,pcc,0.5139216692594131,0.010101634204633251,0.5066953954693606,0.5211479430494655,10
PI3KIC50,0.25,original_mclrp,rmse,0.9704142585220843,0.02610441283520143,0.9517402865236523,0.9890882305205163,10
PI3KIC50,0.25,original_mclrp,mae,0.7042993754324743,0.011790792865558286,0.6958647503290192,0.7127340005359295,10
PI3KIC50,0.3,mfmr_base,pcc,0.5537414884328886,0.01743155928697387,0.5412717021148067,0.5662112747509706,10
PI3KIC50,0.3,mfmr_base,rmse,0.8459190434169896,0.02021220326553177,0.8314601042257515,0.8603779826082278,10
PI3KIC50,0.3,mfmr_base,mae,0.6016918772910682,0.012695663682132513,0.5926099465999494,0.6107738079821871,10
PI3KIC50,0.3,original_mclrp,pcc,0.4985264318708196,0.00785273672054907,0.49290892242686657,0.5041439413147726,10
PI3KIC50,0.3,original_mclrp,rmse,0.9733627021185287,0.017915537733451153,0.9605466984764097,0.9861787057606477,10
PI3KIC50,0.3,original_mclrp,mae,0.7075949007646742,0.009852977655866261,0.7005465051540015,0.714643296375347,10
